iso3,year,alcohol_lpa
AFG,2010,0.012
AFG,2011,0.008
AFG,2012,0.004
AFG,2013,0.004
AFG,2014,0.004
AFG,2015,0.009
AFG,2016,0.013
AFG,2017,0.017
AFG,2018,0.016
AFG,2019,0.016
AGO,2010,8.32
AGO,2011,8.59
AGO,2012,8.61
AGO,2013,8.74
AGO,2014,8.32
AGO,2015,7.76
AGO,2016,7.01
AGO,2017,6.67
AGO,2018,6.17
AGO,2019,6.17
ALB,2010,5.9
ALB,2011,5.58
ALB,2012,5.37
ALB,2013,5.04
ALB,2014,5.0
ALB,2015,5.04
ALB,2016,5.13
ALB,2017,5.13
ALB,2018,5.11
ALB,2019,5.11
AND,2010,10.78
AND,2011,10.47
AND,2012,10.32
AND,2013,10.14
AND,2014,10.38
AND,2015,10.76
AND,2016,11.19
AND,2017,11.1
AND,2018,11.05
AND,2019,11.05
ARE,2010,1.96
ARE,2011,1.99
ARE,2012,2.04
ARE,2013,2.13
ARE,2014,2.25
ARE,2015,2.37
ARE,2016,2.43
ARE,2017,2.43
ARE,2018,2.37
ARE,2019,2.37
ARG,2010,7.69
ARG,2011,8.11
ARG,2012,8.4
ARG,2013,8.48
ARG,2014,8.63
ARG,2015,8.57
ARG,2016,8.6
ARG,2017,8.34
ARG,2018,8.04
ARG,2019,8.04
ARM,2010,5.06
ARM,2011,5.03
ARM,2012,4.91
ARM,2013,4.96
ARM,2014,4.99
ARM,2015,4.98
ARM,2016,4.88
ARM,2017,4.85
ARM,2018,4.98
ARM,2019,4.98
ATG,2010,5.74
ATG,2011,5.91
ATG,2012,6.44
ATG,2013,7.0
ATG,2014,7.24
ATG,2015,7.39
ATG,2016,7.73
ATG,2017,8.26
ATG,2018,8.51
ATG,2019,8.51
AUS,2010,11.1
AUS,2011,10.9
AUS,2012,10.72
AUS,2013,10.58
AUS,2014,10.46
AUS,2015,10.39
AUS,2016,10.25
AUS,2017,10.19
AUS,2018,10.09
AUS,2019,10.09
AUT,2010,12.23
AUT,2011,12.35
AUT,2012,12.34
AUT,2013,12.49
AUT,2014,12.33
AUT,2015,12.19
AUT,2016,11.93
AUT,2017,11.92
AUT,2018,11.97
AUT,2019,11.97
AZE,2010,1.81
AZE,2011,1.78
AZE,2012,1.51
AZE,2013,1.41
AZE,2014,1.4
AZE,2015,1.44
AZE,2016,1.46
AZE,2017,1.59
AZE,2018,1.97
AZE,2019,1.97
BDI,2010,6.17
BDI,2011,5.24
BDI,2012,4.66
BDI,2013,4.08
BDI,2014,4.34
BDI,2015,4.19
BDI,2016,4.19
BDI,2017,4.15
BDI,2018,4.13
BDI,2019,4.13
BEL,2010,11.33
BEL,2011,11.32
BEL,2012,11.33
BEL,2013,11.47
BEL,2014,11.56
BEL,2015,11.24
BEL,2016,10.79
BEL,2017,10.38
BEL,2018,10.28
BEL,2019,10.28
BEN,2010,6.61
BEN,2011,8.65
BEN,2012,8.82
BEN,2013,8.67
BEN,2014,8.45
BEN,2015,8.1
BEN,2016,7.9
BEN,2017,8.09
BEN,2018,8.35
BEN,2019,8.35
BFA,2010,8.11
BFA,2011,8.14
BFA,2012,8.16
BFA,2013,8.69
BFA,2014,9.16
BFA,2015,9.66
BFA,2016,9.72
BFA,2017,9.76
BFA,2018,9.81
BFA,2019,9.81
BGD,2010,0.004
BGD,2011,0.004
BGD,2012,0.005
BGD,2013,0.005
BGD,2014,0.005
BGD,2015,0.005
BGD,2016,0.005
BGD,2017,0.005
BGD,2018,0.005
BGD,2019,0.005
BGR,2010,10.66
BGR,2011,10.87
BGR,2012,11.03
BGR,2013,11.16
BGR,2014,11.18
BGR,2015,11.44
BGR,2016,11.65
BGR,2017,11.85
BGR,2018,11.92
BGR,2019,11.92
BHR,2010,2.35
BHR,2011,2.27
BHR,2012,2.14
BHR,2013,2.08
BHR,2014,2.0
BHR,2015,1.89
BHR,2016,1.77
BHR,2017,1.65
BHR,2018,1.58
BHR,2019,1.58
BHS,2010,4.33
BHS,2011,4.36
BHS,2012,4.37
BHS,2013,4.36
BHS,2014,4.35
BHS,2015,4.36
BHS,2016,4.37
BHS,2017,4.38
BHS,2018,4.39
BHS,2019,4.39
BIH,2010,5.74
BIH,2011,5.78
BIH,2012,5.82
BIH,2013,5.81
BIH,2014,5.83
BIH,2015,5.95
BIH,2016,6.15
BIH,2017,6.33
BIH,2018,6.38
BIH,2019,6.38
BLR,2010,14.99
BLR,2011,14.82
BLR,2012,14.22
BLR,2013,13.18
BLR,2014,11.96
BLR,2015,11.04
BLR,2016,10.55
BLR,2017,10.64
BLR,2018,10.9
BLR,2019,10.9
BLZ,2010,6.13
BLZ,2011,6.11
BLZ,2012,6.15
BLZ,2013,6.27
BLZ,2014,6.37
BLZ,2015,6.34
BLZ,2016,6.15
BLZ,2017,5.92
BLZ,2018,5.71
BLZ,2019,5.71
BOL,2010,4.66
BOL,2011,4.52
BOL,2012,4.45
BOL,2013,4.4
BOL,2014,4.35
BOL,2015,4.31
BOL,2016,4.26
BOL,2017,4.19
BOL,2018,4.1
BOL,2019,4.1
BRA,2010,8.63
BRA,2011,8.69
BRA,2012,8.57
BRA,2013,8.5
BRA,2014,8.34
BRA,2015,8.2
BRA,2016,8.0
BRA,2017,7.79
BRA,2018,7.67
BRA,2019,7.67
BRB,2010,8.27
BRB,2011,8.35
BRB,2012,8.48
BRB,2013,8.64
BRB,2014,8.85
BRB,2015,9.18
BRB,2016,9.4
BRB,2017,9.49
BRB,2018,9.47
BRB,2019,9.47
BRN,2010,0.28
BRN,2011,0.42
BRN,2012,0.51
BRN,2013,0.47
BRN,2014,0.41
BRN,2015,0.41
BRN,2016,0.41
BRN,2017,0.41
BRN,2018,0.41
BRN,2019,0.41
BTN,2010,0.68
BTN,2011,0.83
BTN,2012,0.9
BTN,2013,0.85
BTN,2014,0.57
BTN,2015,0.32
BTN,2016,0.18
BTN,2017,0.2
BTN,2018,0.2
BTN,2019,0.2
BWA,2010,7.47
BWA,2011,7.86
BWA,2012,7.58
BWA,2013,7.15
BWA,2014,7.01
BWA,2015,7.08
BWA,2016,7.32
BWA,2017,7.61
BWA,2018,8.16
BWA,2019,8.16
CAF,2010,2.45
CAF,2011,2.54
CAF,2012,2.29
CAF,2013,2.04
CAF,2014,1.83
CAF,2015,1.94
CAF,2016,2.01
CAF,2017,2.01
CAF,2018,1.99
CAF,2019,1.99
CAN,2010,10.21
CAN,2011,10.17
CAN,2012,10.1
CAN,2013,10.05
CAN,2014,9.95
CAN,2015,9.92
CAN,2016,9.92
CAN,2017,9.95
CAN,2018,9.9
CAN,2019,9.9
CHE,2010,11.32
CHE,2011,11.21
CHE,2012,11.1
CHE,2013,10.96
CHE,2014,10.87
CHE,2015,10.69
CHE,2016,10.53
CHE,2017,10.36
CHE,2018,10.4
CHE,2019,10.4
CHL,2010,7.79
CHL,2011,8.01
CHL,2012,7.9
CHL,2013,8.19
CHL,2014,8.04
CHL,2015,7.75
CHL,2016,7.02
CHL,2017,6.5
CHL,2018,6.75
CHL,2019,6.75
CHN,2010,5.9
CHN,2011,6.5
CHN,2012,6.92
CHN,2013,7.16
CHN,2014,7.29
CHN,2015,7.35
CHN,2016,7.18
CHN,2017,6.53
CHN,2018,5.73
CHN,2019,5.73
CIV,2010,2.82
CIV,2011,2.12
CIV,2012,2.15
CIV,2013,2.26
CIV,2014,2.44
CIV,2015,2.57
CIV,2016,2.65
CIV,2017,2.71
CIV,2018,2.8
CIV,2019,2.8
CMR,2010,12.55
CMR,2011,12.78
CMR,2012,12.98
CMR,2013,12.48
CMR,2014,11.72
CMR,2015,10.72
CMR,2016,10.41
CMR,2017,10.16
CMR,2018,10.1
CMR,2019,10.1
COD,2010,3.06
COD,2011,2.4
COD,2012,2.55
COD,2013,2.64
COD,2014,2.58
COD,2015,2.44
COD,2016,2.28
COD,2017,2.2
COD,2018,2.12
COD,2019,2.12
COG,2010,4.65
COG,2011,4.96
COG,2012,5.1
COG,2013,5.21
COG,2014,5.24
COG,2015,5.67
COG,2016,6.12
COG,2017,6.5
COG,2018,6.4
COG,2019,6.4
COL,2010,5.07
COL,2011,5.06
COL,2012,5.09
COL,2013,5.06
COL,2014,4.98
COL,2015,5.02
COL,2016,5.0
COL,2017,5.01
COL,2018,4.92
COL,2019,4.92
COM,2010,0.2
COM,2011,0.18
COM,2012,0.21
COM,2013,0.22
COM,2014,0.22
COM,2015,0.2
COM,2016,0.23
COM,2017,0.25
COM,2018,0.25
COM,2019,0.25
CPV,2010,5.63
CPV,2011,5.81
CPV,2012,5.58
CPV,2013,5.48
CPV,2014,5.52
CPV,2015,5.82
CPV,2016,6.11
CPV,2017,6.25
CPV,2018,6.27
CPV,2019,6.27
CRI,2010,4.0
CRI,2011,3.68
CRI,2012,3.43
CRI,2013,3.39
CRI,2014,3.39
CRI,2015,3.5
CRI,2016,3.53
CRI,2017,3.55
CRI,2018,3.45
CRI,2019,3.45
CUB,2010,5.5
CUB,2011,5.55
CUB,2012,5.58
CUB,2013,5.66
CUB,2014,5.77
CUB,2015,5.85
CUB,2016,5.91
CUB,2017,5.95
CUB,2018,6.01
CUB,2019,6.01
CYP,2010,9.12
CYP,2011,9.07
CYP,2012,8.52
CYP,2013,8.26
CYP,2014,8.01
CYP,2015,8.12
CYP,2016,8.09
CYP,2017,8.07
CYP,2018,8.05
CYP,2019,8.05
CZE,2010,13.33
CZE,2011,13.13
CZE,2012,13.08
CZE,2013,13.14
CZE,2014,13.11
CZE,2015,13.22
CZE,2016,13.2
CZE,2017,13.26
CZE,2018,13.29
CZE,2019,13.29
DEU,2010,12.41
DEU,2011,12.39
DEU,2012,12.39
DEU,2013,12.31
DEU,2014,12.23
DEU,2015,12.15
DEU,2016,12.17
DEU,2017,12.23
DEU,2018,12.22
DEU,2019,12.22
DJI,2010,0.69
DJI,2011,0.67
DJI,2012,0.66
DJI,2013,0.65
DJI,2014,0.59
DJI,2015,0.53
DJI,2016,0.49
DJI,2017,0.47
DJI,2018,0.4
DJI,2019,0.4
DMA,2010,6.55
DMA,2011,6.37
DMA,2012,6.39
DMA,2013,6.4
DMA,2014,6.41
DMA,2015,6.31
DMA,2016,6.3
DMA,2017,6.21
DMA,2018,6.1
DMA,2019,6.1
DNK,2010,10.39
DNK,2011,10.11
DNK,2012,9.83
DNK,2013,9.55
DNK,2014,9.6
DNK,2015,9.61
DNK,2016,9.52
DNK,2017,9.5
DNK,2018,9.4
DNK,2019,9.4
DOM,2010,6.84
DOM,2011,6.78
DOM,2012,6.73
DOM,2013,6.65
DOM,2014,6.59
DOM,2015,6.57
DOM,2016,6.64
DOM,2017,6.69
DOM,2018,6.76
DOM,2019,6.76
DZA,2010,0.44
DZA,2011,0.44
DZA,2012,0.48
DZA,2013,0.52
DZA,2014,0.56
DZA,2015,0.58
DZA,2016,0.6
DZA,2017,0.61
DZA,2018,0.61
DZA,2019,0.61
ECU,2010,4.12
ECU,2011,4.19
ECU,2012,4.19
ECU,2013,4.13
ECU,2014,4.06
ECU,2015,3.85
ECU,2016,3.53
ECU,2017,3.3
ECU,2018,3.26
ECU,2019,3.26
EGY,2010,0.2
EGY,2011,0.2
EGY,2012,0.19
EGY,2013,0.19
EGY,2014,0.19
EGY,2015,0.18
EGY,2016,0.16
EGY,2017,0.15
EGY,2018,0.15
EGY,2019,0.15
ERI,2010,1.45
ERI,2011,1.42
ERI,2012,1.4
ERI,2013,1.35
ERI,2014,1.35
ERI,2015,1.32
ERI,2016,1.29
ERI,2017,1.24
ERI,2018,1.23
ERI,2019,1.23
ESP,2010,9.49
ESP,2011,9.0
ESP,2012,8.88
ESP,2013,8.59
ESP,2014,9.19
ESP,2015,9.94
ESP,2016,10.93
ESP,2017,10.93
ESP,2018,10.91
ESP,2019,10.91
EST,2010,14.23
EST,2011,14.73
EST,2012,15.45
EST,2013,15.71
EST,2014,15.64
EST,2015,15.06
EST,2016,13.92
EST,2017,12.33
EST,2018,11.26
EST,2019,11.26
ETH,2010,1.67
ETH,2011,1.81
ETH,2012,1.95
ETH,2013,2.11
ETH,2014,2.27
ETH,2015,2.52
ETH,2016,2.77
ETH,2017,3.08
ETH,2018,3.36
ETH,2019,3.36
FIN,2010,10.74
FIN,2011,10.5
FIN,2012,10.28
FIN,2013,9.92
FIN,2014,9.66
FIN,2015,9.43
FIN,2016,9.3
FIN,2017,9.23
FIN,2018,9.16
FIN,2019,9.16
FJI,2010,2.85
FJI,2011,2.81
FJI,2012,2.95
FJI,2013,2.98
FJI,2014,3.03
FJI,2015,3.06
FJI,2016,3.05
FJI,2017,3.18
FJI,2018,3.45
FJI,2019,3.45
FRA,2010,12.25
FRA,2011,12.11
FRA,2012,11.93
FRA,2013,11.84
FRA,2014,11.73
FRA,2015,11.73
FRA,2016,11.6
FRA,2017,11.4
FRA,2018,11.3
FRA,2019,11.3
FSM,2010,2.5
FSM,2011,2.83
FSM,2012,2.77
FSM,2013,2.62
FSM,2014,2.1
FSM,2015,2.09
FSM,2016,2.13
FSM,2017,2.13
FSM,2018,2.12
FSM,2019,2.12
GAB,2010,8.91
GAB,2011,8.68
GAB,2012,8.41
GAB,2013,8.47
GAB,2014,8.66
GAB,2015,8.6
GAB,2016,8.2
GAB,2017,7.69
GAB,2018,7.33
GAB,2019,7.33
GBR,2010,10.95
GBR,2011,10.79
GBR,2012,10.57
GBR,2013,10.44
GBR,2014,10.44
GBR,2015,10.52
GBR,2016,10.64
GBR,2017,10.77
GBR,2018,10.82
GBR,2019,10.82
GEO,2010,14.84
GEO,2011,14.99
GEO,2012,14.67
GEO,2013,14.22
GEO,2014,14.02
GEO,2015,13.95
GEO,2016,13.97
GEO,2017,13.97
GEO,2018,14.33
GEO,2019,14.33
GHA,2010,5.45
GHA,2011,5.31
GHA,2012,5.07
GHA,2013,5.08
GHA,2014,5.1
GHA,2015,5.01
GHA,2016,4.71
GHA,2017,4.58
GHA,2018,4.55
GHA,2019,4.55
GIN,2010,0.31
GIN,2011,0.34
GIN,2012,0.36
GIN,2013,0.39
GIN,2014,0.45
GIN,2015,0.5
GIN,2016,0.49
GIN,2017,0.47
GIN,2018,0.47
GIN,2019,0.47
GMB,2010,3.17
GMB,2011,3.05
GMB,2012,2.87
GMB,2013,2.76
GMB,2014,2.35
GMB,2015,2.07
GMB,2016,1.62
GMB,2017,1.36
GMB,2018,1.11
GMB,2019,1.11
GNB,2010,3.88
GNB,2011,3.93
GNB,2012,3.94
GNB,2013,3.91
GNB,2014,3.91
GNB,2015,3.99
GNB,2016,4.08
GNB,2017,4.19
GNB,2018,4.14
GNB,2019,4.14
GNQ,2010,9.16
GNQ,2011,9.98
GNQ,2012,9.97
GNQ,2013,9.73
GNQ,2014,9.21
GNQ,2015,8.71
GNQ,2016,7.87
GNQ,2017,7.19
GNQ,2018,6.94
GNQ,2019,6.94
GRC,2010,8.72
GRC,2011,8.48
GRC,2012,8.24
GRC,2013,8.1
GRC,2014,7.77
GRC,2015,7.48
GRC,2016,7.34
GRC,2017,7.28
GRC,2018,7.12
GRC,2019,7.12
GRD,2010,7.55
GRD,2011,7.46
GRD,2012,7.48
GRD,2013,7.54
GRD,2014,7.63
GRD,2015,7.77
GRD,2016,7.84
GRD,2017,7.94
GRD,2018,8.06
GRD,2019,8.06
GTM,2010,2.04
GTM,2011,2.0
GTM,2012,1.93
GTM,2013,1.81
GTM,2014,1.72
GTM,2015,1.65
GTM,2016,1.62
GTM,2017,1.62
GTM,2018,1.63
GTM,2019,1.63
GUY,2010,5.77
GUY,2011,5.83
GUY,2012,5.89
GUY,2013,5.95
GUY,2014,5.87
GUY,2015,5.75
GUY,2016,5.52
GUY,2017,5.41
GUY,2018,5.35
GUY,2019,5.35
HND,2010,3.13
HND,2011,3.1
HND,2012,3.1
HND,2013,2.99
HND,2014,2.91
HND,2015,2.85
HND,2016,2.94
HND,2017,3.06
HND,2018,3.17
HND,2019,3.17
HRV,2010,9.48
HRV,2011,9.42
HRV,2012,9.32
HRV,2013,8.91
HRV,2014,8.69
HRV,2015,8.59
HRV,2016,8.65
HRV,2017,8.63
HRV,2018,8.54
HRV,2019,8.54
HTI,2010,3.14
HTI,2011,2.74
HTI,2012,2.95
HTI,2013,3.06
HTI,2014,3.19
HTI,2015,3.22
HTI,2016,3.38
HTI,2017,3.5
HTI,2018,3.45
HTI,2019,3.45
HUN,2010,10.84
HUN,2011,10.72
HUN,2012,10.72
HUN,2013,10.58
HUN,2014,10.52
HUN,2015,10.68
HUN,2016,10.63
HUN,2017,10.75
HUN,2018,10.6
HUN,2019,10.6
IDN,2010,0.1
IDN,2011,0.11
IDN,2012,0.11
IDN,2013,0.11
IDN,2014,0.11
IDN,2015,0.11
IDN,2016,0.11
IDN,2017,0.11
IDN,2018,0.11
IDN,2019,0.11
IND,2010,4.62
IND,2011,4.89
IND,2012,5.02
IND,2013,5.04
IND,2014,5.02
IND,2015,4.96
IND,2016,4.87
IND,2017,4.87
IND,2018,4.92
IND,2019,4.92
IRL,2010,12.21
IRL,2011,12.29
IRL,2012,11.93
IRL,2013,11.72
IRL,2014,11.49
IRL,2015,11.71
IRL,2016,11.76
IRL,2017,11.85
IRL,2018,11.7
IRL,2019,11.7
IRN,2010,1.12
IRN,2011,1.46
IRN,2012,1.41
IRN,2013,0.79
IRN,2014,0.42
IRN,2015,0.44
IRN,2016,0.82
IRN,2017,0.97
IRN,2018,0.7
IRN,2019,0.7
IRQ,2010,0.24
IRQ,2011,0.25
IRQ,2012,0.24
IRQ,2013,0.23
IRQ,2014,0.23
IRQ,2015,0.23
IRQ,2016,0.24
IRQ,2017,0.24
IRQ,2018,0.24
IRQ,2019,0.24
ISL,2010,7.47
ISL,2011,7.34
ISL,2012,7.33
ISL,2013,7.38
ISL,2014,7.64
ISL,2015,7.85
ISL,2016,8.07
ISL,2017,8.08
ISL,2018,8.07
ISL,2019,8.07
ISR,2010,3.16
ISR,2011,3.21
ISR,2012,3.22
ISR,2013,3.14
ISR,2014,3.03
ISR,2015,2.94
ISR,2016,2.95
ISR,2017,2.97
ISR,2018,3.01
ISR,2019,3.01
ITA,2010,7.22
ITA,2011,7.57
ITA,2012,7.69
ITA,2013,7.88
ITA,2014,7.77
ITA,2015,7.68
ITA,2016,7.61
ITA,2017,7.81
ITA,2018,7.97
ITA,2019,7.97
JAM,2010,3.04
JAM,2011,3.13
JAM,2012,3.2
JAM,2013,3.27
JAM,2014,3.35
JAM,2015,3.39
JAM,2016,3.47
JAM,2017,3.55
JAM,2018,3.6
JAM,2019,3.6
JOR,2010,0.48
JOR,2011,0.45
JOR,2012,0.42
JOR,2013,0.41
JOR,2014,0.38
JOR,2015,0.37
JOR,2016,0.34
JOR,2017,0.33
JOR,2018,0.31
JOR,2019,0.31
JPN,2010,6.77
JPN,2011,6.77
JPN,2012,6.8
JPN,2013,6.77
JPN,2014,6.76
JPN,2015,6.72
JPN,2016,6.75
JPN,2017,6.72
JPN,2018,6.68
JPN,2019,6.68
KAZ,2010,4.2
KAZ,2011,4.39
KAZ,2012,4.32
KAZ,2013,4.4
KAZ,2014,4.25
KAZ,2015,4.17
KAZ,2016,4.19
KAZ,2017,4.48
KAZ,2018,4.52
KAZ,2019,4.52
KEN,2010,2.51
KEN,2011,2.68
KEN,2012,2.75
KEN,2013,2.79
KEN,2014,2.8
KEN,2015,2.78
KEN,2016,2.85
KEN,2017,2.85
KEN,2018,2.87
KEN,2019,2.87
KGZ,2010,6.39
KGZ,2011,6.54
KGZ,2012,6.54
KGZ,2013,6.62
KGZ,2014,6.41
KGZ,2015,6.17
KGZ,2016,5.73
KGZ,2017,5.4
KGZ,2018,4.95
KGZ,2019,4.95
KHM,2010,4.71
KHM,2011,5.4
KHM,2012,5.77
KHM,2013,6.13
KHM,2014,6.55
KHM,2015,7.06
KHM,2016,7.61
KHM,2017,8.13
KHM,2018,8.48
KHM,2019,8.48
KIR,2010,0.65
KIR,2011,0.59
KIR,2012,0.6
KIR,2013,0.59
KIR,2014,0.59
KIR,2015,0.71
KIR,2016,0.75
KIR,2017,0.78
KIR,2018,0.76
KIR,2019,0.76
KNA,2010,6.47
KNA,2011,6.13
KNA,2012,6.1
KNA,2013,6.09
KNA,2014,6.08
KNA,2015,6.12
KNA,2016,6.17
KNA,2017,6.25
KNA,2018,6.34
KNA,2019,6.34
KOR,2010,9.38
KOR,2011,9.37
KOR,2012,9.33
KOR,2013,9.05
KOR,2014,8.81
KOR,2015,8.52
KOR,2016,8.47
KOR,2017,8.29
KOR,2018,8.19
KOR,2019,8.19
KWT,2010,0.0
KWT,2011,0.0
KWT,2012,0.0
KWT,2013,0.0
KWT,2014,0.0
KWT,2015,0.0
KWT,2016,0.0
KWT,2017,0.0
KWT,2018,0.0
KWT,2019,0.0
LAO,2010,10.42
LAO,2011,10.7
LAO,2012,10.73
LAO,2013,10.82
LAO,2014,11.02
LAO,2015,11.31
LAO,2016,11.43
LAO,2017,11.36
LAO,2018,11.52
LAO,2019,11.52
LBN,2010,1.82
LBN,2011,1.75
LBN,2012,1.62
LBN,2013,1.55
LBN,2014,1.53
LBN,2015,1.53
LBN,2016,1.52
LBN,2017,1.51
LBN,2018,1.48
LBN,2019,1.48
LBR,2010,3.9
LBR,2011,3.78
LBR,2012,3.71
LBR,2013,3.59
LBR,2014,3.63
LBR,2015,3.63
LBR,2016,3.68
LBR,2017,3.68
LBR,2018,3.64
LBR,2019,3.64
LBY,2010,0.007
LBY,2011,0.007
LBY,2012,0.008
LBY,2013,0.009
LBY,2014,0.009
LBY,2015,0.011
LBY,2016,0.01
LBY,2017,0.008
LBY,2018,0.008
LBY,2019,0.008
LCA,2010,9.6
LCA,2011,9.24
LCA,2012,8.83
LCA,2013,8.61
LCA,2014,8.49
LCA,2015,8.63
LCA,2016,8.77
LCA,2017,9.0
LCA,2018,9.47
LCA,2019,9.47
LKA,2010,2.6
LKA,2011,2.89
LKA,2012,3.01
LKA,2013,2.93
LKA,2014,2.86
LKA,2015,2.86
LKA,2016,2.91
LKA,2017,2.86
LKA,2018,2.83
LKA,2019,2.83
LSO,2010,3.39
LSO,2011,3.07
LSO,2012,2.98
LSO,2013,3.04
LSO,2014,3.24
LSO,2015,3.28
LSO,2016,3.38
LSO,2017,4.07
LSO,2018,4.54
LSO,2019,4.54
LTU,2010,14.05
LTU,2011,14.66
LTU,2012,15.54
LTU,2013,15.57
LTU,2014,14.96
LTU,2015,14.17
LTU,2016,13.03
LTU,2017,12.29
LTU,2018,11.79
LTU,2019,11.79
LUX,2010,12.13
LUX,2011,12.04
LUX,2012,11.95
LUX,2013,11.86
LUX,2014,11.76
LUX,2015,11.71
LUX,2016,11.66
LUX,2017,11.58
LUX,2018,11.53
LUX,2019,11.53
LVA,2010,10.99
LVA,2011,11.07
LVA,2012,11.19
LVA,2013,11.29
LVA,2014,11.4
LVA,2015,11.61
LVA,2016,12.1
LVA,2017,12.7
LVA,2018,13.09
LVA,2019,13.09
MAR,2010,0.5
MAR,2011,0.48
MAR,2012,0.47
MAR,2013,0.46
MAR,2014,0.43
MAR,2015,0.41
MAR,2016,0.41
MAR,2017,0.44
MAR,2018,0.49
MAR,2019,0.49
MDA,2010,11.43
MDA,2011,12.0
MDA,2012,12.44
MDA,2013,12.25
MDA,2014,11.8
MDA,2015,11.35
MDA,2016,11.24
MDA,2017,11.33
MDA,2018,11.36
MDA,2019,11.36
MDG,2010,1.06
MDG,2011,0.96
MDG,2012,0.93
MDG,2013,0.97
MDG,2014,1.01
MDG,2015,1.01
MDG,2016,1.0
MDG,2017,1.02
MDG,2018,1.02
MDG,2019,1.02
MDV,2010,1.56
MDV,2011,1.52
MDV,2012,1.48
MDV,2013,1.45
MDV,2014,1.39
MDV,2015,1.35
MDV,2016,1.32
MDV,2017,1.35
MDV,2018,1.43
MDV,2019,1.43
MEX,2010,5.23
MEX,2011,5.05
MEX,2012,4.92
MEX,2013,4.87
MEX,2014,4.98
MEX,2015,5.15
MEX,2016,5.38
MEX,2017,5.54
MEX,2018,5.72
MEX,2019,5.72
MKD,2010,4.32
MKD,2011,4.34
MKD,2012,4.34
MKD,2013,4.32
MKD,2014,4.31
MKD,2015,4.3
MKD,2016,4.36
MKD,2017,4.48
MKD,2018,4.62
MKD,2019,4.62
MLI,2010,3.4
MLI,2011,4.7
MLI,2012,4.45
MLI,2013,4.44
MLI,2014,4.45
MLI,2015,4.59
MLI,2016,4.49
MLI,2017,4.38
MLI,2018,4.35
MLI,2019,4.35
MLT,2010,6.91
MLT,2011,6.95
MLT,2012,7.15
MLT,2013,7.27
MLT,2014,7.41
MLT,2015,7.72
MLT,2016,8.14
MLT,2017,8.44
MLT,2018,8.52
MLT,2019,8.52
MMR,2010,1.1
MMR,2011,1.23
MMR,2012,1.35
MMR,2013,1.45
MMR,2014,1.52
MMR,2015,1.62
MMR,2016,1.76
MMR,2017,1.91
MMR,2018,2.12
MMR,2019,2.12
MNE,2010,10.4
MNE,2015,9.55
MNE,2019,10.34
MNG,2010,7.76
MNG,2011,8.07
MNG,2012,9.62
MNG,2013,10.66
MNG,2014,10.93
MNG,2015,9.66
MNG,2016,8.65
MNG,2017,8.45
MNG,2018,7.93
MNG,2019,7.93
MOZ,2010,1.23
MOZ,2011,1.33
MOZ,2012,1.42
MOZ,2013,1.51
MOZ,2014,1.61
MOZ,2015,1.76
MOZ,2016,1.88
MOZ,2017,1.97
MOZ,2018,2.03
MOZ,2019,2.03
MRT,2010,0.0
MRT,2011,0.0
MRT,2012,0.0
MRT,2013,0.0
MRT,2014,0.0
MRT,2015,0.0
MRT,2016,0.0
MRT,2017,0.0
MRT,2018,0.0
MRT,2019,0.0
MUS,2010,7.67
MUS,2011,7.61
MUS,2012,7.59
MUS,2013,7.51
MUS,2014,7.4
MUS,2015,7.4
MUS,2016,7.4
MUS,2017,7.52
MUS,2018,7.52
MUS,2019,7.52
MWI,2010,3.57
MWI,2011,3.71
MWI,2012,3.71
MWI,2013,3.68
MWI,2014,3.58
MWI,2015,3.37
MWI,2016,3.19
MWI,2017,3.13
MWI,2018,3.24
MWI,2019,3.24
MYS,2010,0.6
MYS,2011,0.62
MYS,2012,0.63
MYS,2013,0.63
MYS,2014,0.63
MYS,2015,0.65
MYS,2016,0.69
MYS,2017,0.73
MYS,2018,0.76
MYS,2019,0.76
NAM,2010,4.96
NAM,2011,5.08
NAM,2012,5.34
NAM,2013,5.56
NAM,2014,5.8
NAM,2015,6.01
NAM,2016,6.09
NAM,2017,6.09
NAM,2018,5.93
NAM,2019,5.93
NER,2010,0.17
NER,2011,0.18
NER,2012,0.18
NER,2013,0.18
NER,2014,0.18
NER,2015,0.18
NER,2016,0.17
NER,2017,0.15
NER,2018,0.13
NER,2019,0.13
NGA,2010,5.06
NGA,2011,3.98
NGA,2012,4.28
NGA,2013,4.33
NGA,2014,4.39
NGA,2015,4.39
NGA,2016,4.35
NGA,2017,4.29
NGA,2018,4.21
NGA,2019,4.21
NIC,2010,3.75
NIC,2011,3.85
NIC,2012,3.92
NIC,2013,3.99
NIC,2014,4.03
NIC,2015,4.11
NIC,2016,4.23
NIC,2017,4.24
NIC,2018,4.17
NIC,2019,4.17
NLD,2010,10.2
NLD,2011,10.17
NLD,2012,9.99
NLD,2013,9.77
NLD,2014,9.5
NLD,2015,9.38
NLD,2016,9.33
NLD,2017,9.34
NLD,2018,9.3
NLD,2019,9.3
NOR,2010,7.43
NOR,2011,7.25
NOR,2012,7.1
NOR,2013,6.96
NOR,2014,6.88
NOR,2015,6.83
NOR,2016,6.81
NOR,2017,6.81
NOR,2018,6.8
NOR,2019,6.8
NPL,2010,0.95
NPL,2011,1.24
NPL,2012,1.26
NPL,2013,1.15
NPL,2014,1.18
NPL,2015,1.22
NPL,2016,1.35
NPL,2017,1.34
NPL,2018,1.36
NPL,2019,1.36
NRU,2010,4.16
NRU,2011,4.75
NRU,2012,4.02
NRU,2013,3.35
NRU,2014,2.95
NRU,2015,2.94
NRU,2016,2.94
NRU,2017,2.94
NRU,2018,2.94
NRU,2019,2.94
NZL,2010,10.28
NZL,2011,10.25
NZL,2012,10.07
NZL,2013,9.91
NZL,2014,9.74
NZL,2015,9.69
NZL,2016,9.71
NZL,2017,9.85
NZL,2018,9.89
NZL,2019,9.89
OMN,2010,0.88
OMN,2011,0.87
OMN,2012,0.84
OMN,2013,0.8
OMN,2014,0.79
OMN,2015,0.81
OMN,2016,0.85
OMN,2017,0.87
OMN,2018,0.88
OMN,2019,0.88
PAK,2010,0.079
PAK,2011,0.085
PAK,2012,0.084
PAK,2013,0.084
PAK,2014,0.089
PAK,2015,0.096
PAK,2016,0.099
PAK,2017,0.1
PAK,2018,0.1
PAK,2019,0.1
PAN,2010,6.51
PAN,2011,6.54
PAN,2012,6.57
PAN,2013,6.61
PAN,2014,6.65
PAN,2015,6.59
PAN,2016,6.62
PAN,2017,6.57
PAN,2018,6.6
PAN,2019,6.6
PER,2010,7.54
PER,2011,8.0
PER,2012,8.07
PER,2013,7.91
PER,2014,7.68
PER,2015,7.55
PER,2016,7.55
PER,2017,7.53
PER,2018,7.45
PER,2019,7.45
PHL,2010,6.12
PHL,2011,6.33
PHL,2012,6.17
PHL,2013,6.06
PHL,2014,5.84
PHL,2015,5.85
PHL,2016,5.9
PHL,2017,6.04
PHL,2018,6.18
PHL,2019,6.18
PNG,2010,1.4
PNG,2011,1.25
PNG,2012,1.36
PNG,2013,1.56
PNG,2014,1.67
PNG,2015,1.73
PNG,2016,1.74
PNG,2017,1.76
PNG,2018,1.7
PNG,2019,1.7
POL,2010,11.3
POL,2011,11.29
POL,2012,11.48
POL,2013,11.52
POL,2014,11.58
POL,2015,11.46
POL,2016,11.47
POL,2017,11.5
POL,2018,11.63
POL,2019,11.63
PRK,2010,4.43
PRK,2011,4.51
PRK,2012,4.52
PRK,2013,4.51
PRK,2014,4.46
PRK,2015,4.45
PRK,2016,4.4
PRK,2017,4.35
PRK,2018,4.29
PRK,2019,4.29
PRT,2010,11.4
PRT,2011,10.86
PRT,2012,10.33
PRT,2013,10.12
PRT,2014,10.29
PRT,2015,10.54
PRT,2016,10.55
PRT,2017,10.44
PRT,2018,10.45
PRT,2019,10.45
PRY,2010,6.37
PRY,2011,6.27
PRY,2012,6.06
PRY,2013,5.78
PRY,2014,5.55
PRY,2015,5.41
PRY,2016,5.44
PRY,2017,5.53
PRY,2018,5.6
PRY,2019,5.6
QAT,2010,1.17
QAT,2011,1.16
QAT,2012,1.14
QAT,2013,1.13
QAT,2014,1.15
QAT,2015,1.17
QAT,2016,1.18
QAT,2017,1.17
QAT,2018,1.15
QAT,2019,1.15
ROU,2010,17.62
ROU,2011,17.32
ROU,2012,17.18
ROU,2013,17.09
ROU,2014,16.98
ROU,2015,16.85
ROU,2016,16.82
ROU,2017,16.92
ROU,2018,16.99
ROU,2019,16.99
RUS,2010,13.76
RUS,2011,13.6
RUS,2012,13.32
RUS,2013,12.84
RUS,2014,12.16
RUS,2015,11.64
RUS,2016,11.05
RUS,2017,10.72
RUS,2018,10.42
RUS,2019,10.42
RWA,2010,1.25
RWA,2011,1.26
RWA,2012,1.25
RWA,2013,1.3
RWA,2014,1.36
RWA,2015,1.37
RWA,2016,1.36
RWA,2017,1.34
RWA,2018,1.88
RWA,2019,1.88
SAU,2010,0.0
SAU,2011,0.0
SAU,2012,0.0
SAU,2013,0.0
SAU,2014,0.0
SAU,2015,0.0
SAU,2016,0.0
SAU,2017,0.0
SAU,2018,0.0
SAU,2019,0.0
SDN,2010,0.045
SDN,2011,0.046
SDN,2012,0.046
SDN,2013,0.18
SDN,2014,0.19
SDN,2015,0.19
SDN,2016,0.002
SDN,2017,0.002
SDN,2018,0.005
SDN,2019,0.005
SEN,2010,0.41
SEN,2011,0.4
SEN,2012,0.38
SEN,2013,0.37
SEN,2014,0.36
SEN,2015,0.37
SEN,2016,0.39
SEN,2017,0.4
SEN,2018,0.41
SEN,2019,0.41
SGP,2010,1.92
SGP,2011,1.99
SGP,2012,1.99
SGP,2013,1.97
SGP,2014,1.92
SGP,2015,1.91
SGP,2016,1.89
SGP,2017,1.89
SGP,2018,1.87
SGP,2019,1.87
SLB,2010,1.12
SLB,2011,1.01
SLB,2012,0.95
SLB,2013,0.92
SLB,2014,0.94
SLB,2015,1.07
SLB,2016,1.22
SLB,2017,1.53
SLB,2018,1.62
SLB,2019,1.62
SLE,2010,0.31
SLE,2011,0.35
SLE,2012,0.41
SLE,2013,0.41
SLE,2014,0.38
SLE,2015,0.31
SLE,2016,0.27
SLE,2017,0.25
SLE,2018,0.26
SLE,2019,0.26
SLV,2010,2.71
SLV,2011,2.68
SLV,2012,2.69
SLV,2013,2.74
SLV,2014,2.78
SLV,2015,2.89
SLV,2016,3.01
SLV,2017,3.15
SLV,2018,3.28
SLV,2019,3.28
SOM,2010,0.0
SOM,2011,0.0
SOM,2012,0.0
SOM,2013,0.0
SOM,2014,0.0
SOM,2015,0.0
SOM,2016,0.0
SOM,2017,0.0
SOM,2018,0.0
SOM,2019,0.0
SRB,2010,9.93
SRB,2015,7.84
SRB,2019,7.89
STP,2010,5.92
STP,2011,6.38
STP,2012,6.91
STP,2013,6.8
STP,2014,6.46
STP,2015,5.93
STP,2016,5.33
STP,2017,5.11
STP,2018,5.01
STP,2019,5.01
SUR,2010,5.7
SUR,2011,5.98
SUR,2012,6.17
SUR,2013,6.07
SUR,2014,5.72
SUR,2015,5.68
SUR,2016,5.83
SUR,2017,6.29
SUR,2018,6.63
SUR,2019,6.63
SVK,2010,10.54
SVK,2011,10.38
SVK,2012,10.3
SVK,2013,10.29
SVK,2014,10.32
SVK,2015,10.32
SVK,2016,10.14
SVK,2017,10.07
SVK,2018,10.48
SVK,2019,10.48
SVN,2010,11.14
SVN,2011,11.28
SVN,2012,11.01
SVN,2013,11.11
SVN,2014,11.27
SVN,2015,11.58
SVN,2016,11.31
SVN,2017,10.81
SVN,2018,10.98
SVN,2019,10.98
SWE,2010,9.79
SWE,2011,9.72
SWE,2012,9.66
SWE,2013,9.6
SWE,2014,9.54
SWE,2015,9.45
SWE,2016,9.35
SWE,2017,9.33
SWE,2018,9.3
SWE,2019,9.3
SWZ,2010,7.15
SWZ,2011,6.9
SWZ,2012,7.61
SWZ,2013,7.91
SWZ,2014,8.03
SWZ,2015,7.73
SWZ,2016,7.74
SWZ,2017,8.04
SWZ,2018,8.09
SWZ,2019,8.09
SYC,2010,7.77
SYC,2011,8.98
SYC,2012,9.68
SYC,2013,10.11
SYC,2014,10.68
SYC,2015,12.03
SYC,2016,12.75
SYC,2017,12.43
SYC,2018,11.99
SYC,2019,11.99
SYR,2010,0.99
SYR,2011,0.74
SYR,2012,0.46
SYR,2013,0.27
SYR,2014,0.28
SYR,2015,0.29
SYR,2016,0.25
SYR,2017,0.22
SYR,2018,0.2
SYR,2019,0.2
TCD,2010,3.86
TCD,2011,4.05
TCD,2012,4.25
TCD,2013,4.41
TCD,2014,4.55
TCD,2015,4.58
TCD,2016,4.35
TCD,2017,4.05
TCD,2018,3.73
TCD,2019,3.73
TGO,2010,1.79
TGO,2011,1.72
TGO,2012,1.73
TGO,2013,1.72
TGO,2014,1.8
TGO,2015,1.72
TGO,2016,1.63
TGO,2017,1.5
TGO,2018,1.42
TGO,2019,1.42
THA,2010,7.57
THA,2011,7.87
THA,2012,8.08
THA,2013,8.16
THA,2014,8.1
THA,2015,8.16
THA,2016,8.28
THA,2017,7.95
THA,2018,7.85
THA,2019,7.85
TJK,2010,0.69
TJK,2011,0.72
TJK,2012,0.76
TJK,2013,0.8
TJK,2014,0.86
TJK,2015,0.89
TJK,2016,0.91
TJK,2017,0.89
TJK,2018,0.87
TJK,2019,0.87
TKM,2010,2.66
TKM,2011,3.0
TKM,2012,3.09
TKM,2013,3.18
TKM,2014,3.23
TKM,2015,3.2
TKM,2016,3.16
TKM,2017,3.05
TKM,2018,2.93
TKM,2019,2.93
TLS,2010,0.3
TLS,2011,0.48
TLS,2012,0.6
TLS,2013,0.58
TLS,2014,0.52
TLS,2015,0.47
TLS,2016,0.46
TLS,2017,0.47
TLS,2018,0.4
TLS,2019,0.4
TON,2010,1.18
TON,2011,0.83
TON,2012,0.44
TON,2013,0.22
TON,2014,0.3
TON,2015,0.36
TON,2016,0.4
TON,2017,0.39
TON,2018,0.38
TON,2019,0.38
TTO,2010,6.15
TTO,2011,6.18
TTO,2012,6.2
TTO,2013,6.24
TTO,2014,6.27
TTO,2015,6.23
TTO,2016,6.12
TTO,2017,6.01
TTO,2018,6.06
TTO,2019,6.06
TUN,2010,1.66
TUN,2011,1.66
TUN,2012,1.72
TUN,2013,1.84
TUN,2014,1.95
TUN,2015,2.03
TUN,2016,2.04
TUN,2017,2.02
TUN,2018,2.01
TUN,2019,2.01
TUR,2010,2.12
TUR,2011,2.14
TUR,2012,2.08
TUR,2013,2.03
TUR,2014,1.95
TUR,2015,1.9
TUR,2016,1.84
TUR,2017,1.84
TUR,2018,1.82
TUR,2019,1.82
TUV,2010,1.59
TUV,2011,1.84
TUV,2012,2.09
TUV,2013,2.29
TUV,2014,2.11
TUV,2015,1.86
TUV,2016,1.49
TUV,2017,1.28
TUV,2018,1.25
TUV,2019,1.25
TZA,2010,11.92
TZA,2011,11.8
TZA,2012,11.59
TZA,2013,11.62
TZA,2014,11.7
TZA,2015,11.65
TZA,2016,11.21
TZA,2017,10.65
TZA,2018,10.36
TZA,2019,10.36
UGA,2010,14.0
UGA,2011,13.92
UGA,2012,13.65
UGA,2013,13.47
UGA,2014,13.38
UGA,2015,13.28
UGA,2016,12.89
UGA,2017,12.58
UGA,2018,12.21
UGA,2019,12.21
UKR,2010,11.66
UKR,2011,11.53
UKR,2012,11.78
UKR,2013,11.42
UKR,2014,10.65
UKR,2015,9.73
UKR,2016,8.93
UKR,2017,8.71
UKR,2018,8.7
UKR,2019,8.7
URY,2010,6.31
URY,2011,5.91
URY,2012,5.74
URY,2013,5.74
URY,2014,6.0
URY,2015,6.02
URY,2016,5.86
URY,2017,5.53
URY,2018,5.45
URY,2019,5.45
USA,2010,9.34
USA,2011,9.39
USA,2012,9.47
USA,2013,9.5
USA,2014,9.47
USA,2015,9.49
USA,2016,9.51
USA,2017,9.55
USA,2018,9.57
USA,2019,9.57
UZB,2010,1.79
UZB,2011,1.85
UZB,2012,1.92
UZB,2013,2.18
UZB,2014,2.39
UZB,2015,2.55
UZB,2016,2.64
UZB,2017,2.59
UZB,2018,2.6
UZB,2019,2.6
VCT,2010,6.66
VCT,2011,6.57
VCT,2012,6.53
VCT,2013,6.58
VCT,2014,6.77
VCT,2015,7.01
VCT,2016,7.18
VCT,2017,7.22
VCT,2018,7.16
VCT,2019,7.16
VEN,2010,7.75
VEN,2011,7.44
VEN,2012,7.26
VEN,2013,7.17
VEN,2014,6.97
VEN,2015,6.05
VEN,2016,4.95
VEN,2017,3.72
VEN,2018,3.02
VEN,2019,3.02
VNM,2010,7.37
VNM,2011,7.81
VNM,2012,8.09
VNM,2013,8.28
VNM,2014,8.53
VNM,2015,8.85
VNM,2016,9.17
VNM,2017,9.31
VNM,2018,9.34
VNM,2019,9.34
VUT,2010,1.67
VUT,2011,1.98
VUT,2012,2.0
VUT,2013,1.87
VUT,2014,1.73
VUT,2015,1.69
VUT,2016,1.73
VUT,2017,1.74
VUT,2018,1.87
VUT,2019,1.87
WSM,2010,2.59
WSM,2011,2.44
WSM,2012,2.16
WSM,2013,2.13
WSM,2014,2.05
WSM,2015,2.18
WSM,2016,2.27
WSM,2017,2.38
WSM,2018,2.39
WSM,2019,2.39
YEM,2010,0.058
YEM,2011,0.062
YEM,2012,0.056
YEM,2013,0.055
YEM,2014,0.048
YEM,2015,0.04
YEM,2016,0.031
YEM,2017,0.027
YEM,2018,0.028
YEM,2019,0.028
ZAF,2010,8.68
ZAF,2011,8.79
ZAF,2012,8.9
ZAF,2013,8.92
ZAF,2014,8.93
ZAF,2015,8.88
ZAF,2016,8.8
ZAF,2017,8.72
ZAF,2018,8.77
ZAF,2019,8.77
ZMB,2010,3.31
ZMB,2011,3.34
ZMB,2012,3.39
ZMB,2013,3.57
ZMB,2014,3.67
ZMB,2015,3.73
ZMB,2016,3.75
ZMB,2017,3.83
ZMB,2018,3.85
ZMB,2019,3.85
ZWE,2010,3.31
ZWE,2011,3.75
ZWE,2012,3.98
ZWE,2013,4.07
ZWE,2014,3.92
ZWE,2015,3.75
ZWE,2016,3.56
ZWE,2017,3.52
ZWE,2018,3.63
ZWE,2019,3.63
