iso3,year,gdp_pc_usd
ABW,2010,24093.1401510626
ABW,2011,25712.3843015186
ABW,2012,25119.6655449838
ABW,2013,25813.5767274227
ABW,2014,26129.8390617693
ABW,2015,27458.2253310273
ABW,2016,27441.5296617282
ABW,2017,28440.051963759
ABW,2018,30082.1276448186
ABW,2019,31096.2050738676
AFG,2010,560.621505463146
AFG,2011,606.694676337726
AFG,2012,651.417134470046
AFG,2013,637.087099117099
AFG,2014,625.054941813938
AFG,2015,565.569730408751
AFG,2016,522.082215583898
AFG,2017,525.469770891619
AFG,2018,491.337221382603
AFG,2019,496.6025042585
AGO,2010,3597.34293216332
AGO,2011,4615.91059831778
AGO,2012,5086.02740086376
AGO,2013,5057.74787833163
AGO,2014,5005.9997412707
AGO,2015,3213.90261080059
AGO,2016,1807.95294072643
AGO,2017,2437.25971190821
AGO,2018,2538.59139143371
AGO,2019,2189.85571407618
ALB,2010,4149.14469936847
ALB,2011,4465.70914328865
ALB,2012,4222.3470988913
ALB,2013,4420.23461988353
ALB,2014,4602.23051443229
ALB,2015,3981.72662261867
ALB,2016,4168.37544462548
ALB,2017,4614.0479692596
ALB,2018,5365.48880180298
ALB,2019,5460.4305086932
AND,2010,42746.8309526019
AND,2011,46657.1561173756
AND,2012,41500.5435791686
AND,2013,42470.3161159692
AND,2014,44369.659691379
AND,2015,38654.9347203095
AND,2016,40129.8192007698
AND,2017,40672.9943348258
AND,2018,42819.7745797624
AND,2019,41257.8045846483
ARE,2010,43696.6712590463
ARE,2011,50789.050540755
ARE,2012,52034.4762476071
ARE,2013,52023.5170959441
ARE,2014,51381.4069901746
ARE,2015,43534.9972694631
ARE,2016,41326.4018161569
ARE,2017,42340.5917160161
ARE,2018,45689.8570049401
ARE,2019,44251.4541398817
ARG,2010,10260.1313108254
ARG,2011,12704.2831819684
ARG,2012,12949.717486654
ARG,2013,12963.675773326
ARG,2014,12233.1444119186
ARG,2015,13679.6264980954
ARG,2016,12699.9623137756
ARG,2017,14532.5009308511
ARG,2018,11752.7998922979
ARG,2019,9955.97478680428
ARM,2010,3041.34450723339
ARM,2011,3349.55309771906
ARM,2012,3511.56399687426
ARM,2013,3680.16692158886
ARM,2014,3852.11800610384
ARM,2015,3512.39350276709
ARM,2016,3524.42476874707
ARM,2017,3869.05373867752
ARM,2018,4196.00562301769
ARM,2019,4597.22887399548
ASM,2010,10375.1720141957
ASM,2011,10383.459331451
ASM,2012,11745.4899153958
ASM,2013,11813.5022034589
ASM,2014,12026.3344929488
ASM,2015,12727.4102651386
ASM,2016,12843.3342903627
ASM,2017,11863.6839452565
ASM,2018,12552.0546868861
ASM,2019,12886.1359517218
ATG,2010,15217.3950790922
ATG,2011,14911.7275084471
ATG,2012,15639.8078114787
ATG,2013,15051.5113587425
ATG,2014,15532.1062063584
ATG,2015,16077.6340769406
ATG,2016,16556.8551801588
ATG,2017,16965.7288273816
ATG,2018,18273.4270684912
ATG,2019,18896.3721832248
AUS,2010,52144.6654705468
AUS,2011,62605.600458306
AUS,2012,68072.8732340801
AUS,2013,68190.7010035651
AUS,2014,62544.0873773726
AUS,2015,56739.0265346593
AUS,2016,49888.0410842736
AUS,2017,53901.7145392154
AUS,2018,57196.4220783778
AUS,2019,54972.7017885437
AUT,2010,46611.1393420232
AUT,2011,51116.8953522042
AUT,2012,48250.4059142637
AUT,2013,50305.3545774973
AUT,2014,51314.9722616322
AUT,2015,43915.228020857
AUT,2016,45061.4993920192
AUT,2017,47163.7425775142
AUT,2018,51194.0749841299
AUT,2019,49885.9947355204
AZE,2010,5843.5337683582
AZE,2011,7189.81869211976
AZE,2012,7495.86527658099
AZE,2013,7875.34536661549
AZE,2014,7890.84028062087
AZE,2015,5500.50364628486
AZE,2016,3880.6852276838
AZE,2017,4147.1981423222
AZE,2018,4739.7943123408
AZE,2019,4805.75371765917
BDI,2010,216.727705301976
BDI,2011,230.070577369084
BDI,2012,231.688496393569
BDI,2013,234.843045388828
BDI,2014,250.540481111877
BDI,2015,280.966831311923
BDI,2016,235.286205393908
BDI,2017,236.694472592753
BDI,2018,224.89939239264
BDI,2019,210.236494521532
BEL,2010,44197.393671162
BEL,2011,47760.8298776546
BEL,2012,44874.1709182123
BEL,2013,46964.5946777056
BEL,2014,47995.7786961339
BEL,2015,40893.804537772
BEL,2016,41854.5498296444
BEL,2017,44035.3239358548
BEL,2018,47487.2100392561
BEL,2019,46716.6227467964
BEN,2010,973.244254931526
BEN,2011,1059.41358852588
BEN,2012,1071.5258366283
BEN,2013,1168.92699279226
BEN,2014,1204.39918670094
BEN,2015,1002.41886879614
BEN,2016,1010.5338961993
BEN,2017,1054.97408066814
BEN,2018,1151.7409703472
BEN,2019,1130.82135339795
BFA,2010,624.957252224766
BFA,2011,725.024767725475
BFA,2012,731.470138867833
BFA,2013,759.762065168498
BFA,2014,764.861675106225
BFA,2015,630.124750752312
BFA,2016,663.742364842886
BFA,2017,709.091535894695
BFA,2018,777.465618514048
BFA,2019,764.853077774946
BGD,2010,757.385280361508
BGD,2011,837.336944695647
BGD,2012,859.680536375497
BGD,2013,958.262989798283
BGD,2014,1094.46199702838
BGD,2015,1224.38647668165
BGD,2016,1649.28380858601
BGD,2017,1811.08221668646
BGD,2018,1965.24372731467
BGD,2019,2129.79896954606
BGR,2010,6853.94805511171
BGR,2011,7849.58061302818
BGR,2012,7431.95789508871
BGR,2013,7795.98092108928
BGR,2014,8069.60005667684
BGR,2015,7268.65445473873
BGR,2016,7822.49923292968
BGR,2017,8696.68930427924
BGR,2018,9872.38507789106
BGR,2019,10372.8044341114
BHR,2010,21819.3291098099
BHR,2011,25032.7867743333
BHR,2012,26438.6733230428
BHR,2013,26989.7601148469
BHR,2014,26451.7965647453
BHR,2015,23734.0551143019
BHR,2016,23800.001440631
BHR,2017,24784.7693514607
BHR,2018,26324.4066549559
BHR,2019,27259.7438599327
BHS,2010,27473.100430502
BHS,2011,27090.8376801379
BHS,2012,28552.0242683151
BHS,2013,27642.7419759179
BHS,2014,29137.2175632622
BHS,2015,30719.405417469
BHS,2016,30616.5363157284
BHS,2017,31875.4881749619
BHS,2018,32642.3353203452
BHS,2019,33640.3369861278
BIH,2010,4506.47828548389
BIH,2011,4982.69375768263
BIH,2012,4693.78899115381
BIH,2013,5034.56616016469
BIH,2014,5206.06558252
BIH,2015,4662.25883724069
BIH,2016,4928.5665251728
BIH,2017,5345.01985489192
BIH,2018,6047.84584261133
BIH,2019,6122.3753450882
BLR,2010,6034.67885177216
BLR,2011,6527.6593428786
BLR,2012,6953.21591683101
BLR,2013,7998.0802045456
BLR,2014,8341.31809294883
BLR,2015,5967.05595058777
BLR,2016,5039.77560949445
BLR,2017,5785.54491935194
BLR,2018,6360.037502312
BLR,2019,6837.77339645635
BLZ,2010,5451.13897172477
BLZ,2011,5582.22170621269
BLZ,2012,5709.68918765363
BLZ,2013,5950.20299917747
BLZ,2014,6128.14288539305
BLZ,2015,6154.49593498217
BLZ,2016,6142.49873185177
BLZ,2017,6072.58267640581
BLZ,2018,6031.28139580144
BLZ,2019,6190.04792278445
BMU,2010,104111.824244802
BMU,2011,99049.0169927667
BMU,2012,100213.493385287
BMU,2013,101704.40746217
BMU,2014,100961.576602811
BMU,2015,104855.366822135
BMU,2016,108747.356144305
BMU,2017,112339.425587467
BMU,2018,113204.82210838
BMU,2019,115798.040775578
BOL,2010,1929.78373077158
BOL,2011,2315.52121930607
BOL,2012,2575.59857098084
BOL,2013,2870.02377000756
BOL,2014,3041.43503162408
BOL,2015,2996.01289811344
BOL,2016,3035.87347732132
BOL,2017,3306.30301224425
BOL,2018,3500.72642189887
BOL,2019,3503.89601123129
BRA,2010,11403.2821278747
BRA,2011,13396.6243562986
BRA,2012,12521.7213519966
BRA,2013,12458.8912138813
BRA,2014,12274.9939689363
BRA,2015,8936.19661712113
BRA,2016,8836.28652735657
BRA,2017,10080.5092819305
BRA,2018,9300.66164923219
BRA,2019,9029.83326681073
BRB,2010,18860.3833703309
BRB,2011,19345.9953139542
BRB,2012,19034.0708028512
BRB,2013,19308.0091116993
BRB,2014,19277.9423599235
BRB,2015,18954.2913724506
BRB,2016,19065.8069800213
BRB,2017,19692.7606711615
BRB,2018,20055.915870771
BRB,2019,20583.7265786414
BRN,2010,34937.5555174068
BRN,2011,46382.8274456238
BRN,2012,46968.5971144517
BRN,2013,44003.0644293856
BRN,2014,41026.508391054
BRN,2015,30625.128732694
BRN,2016,26663.2973199878
BRN,2017,28024.3824618568
BRN,2018,30988.1190497851
BRN,2019,30426.5730284202
BTN,2010,2435.5798056672
BTN,2011,2787.97967608562
BTN,2012,2751.2128864294
BTN,2013,2679.95217201538
BTN,2014,2849.49998647303
BTN,2015,2954.04081911097
BTN,2016,3152.30905106786
BTN,2017,3435.28804735662
BTN,2018,3400.20417245342
BTN,2019,3576.87987100503
BWA,2010,6215.73216077919
BWA,2011,7287.38295334919
BWA,2012,6595.53845015424
BWA,2013,6666.91219583487
BWA,2014,7122.36423421503
BWA,2015,6141.20394726616
BWA,2016,6749.05994339013
BWA,2017,7104.96401088027
BWA,2018,7407.95940141786
BWA,2019,7172.08956480028
CAF,2010,476.873786950728
CAF,2011,534.057281471636
CAF,2012,544.395849142785
CAF,2013,364.36696260838
CAF,2014,409.8504859647
CAF,2015,366.322853938121
CAF,2016,387.176203444318
CAF,2017,432.324025684263
CAF,2018,455.243962859534
CAF,2019,449.228467602439
CAN,2010,47560.6666009406
CAN,2011,52223.8588398531
CAN,2012,52670.3447335415
CAN,2013,52638.1187235237
CAN,2014,50960.8431174661
CAN,2015,43594.1941045394
CAN,2016,42314.0615817218
CAN,2017,45129.628116623
CAN,2018,46539.1761570405
CAN,2019,46352.8693445211
CHE,2010,76531.3728182297
CHE,2011,90476.7589651577
CHE,2012,85836.2076767359
CHE,2013,87304.3305813557
CHE,2014,88724.9910735609
CHE,2015,83806.4476003837
CHE,2016,82153.0745447889
CHE,2017,82254.3770471336
CHE,2018,85217.3691512274
CHE,2019,84121.9310304414
CHI,2010,56121.6387322912
CHI,2011,60419.2321641296
CHI,2012,58813.9364818794
CHI,2013,59304.850854272
CHI,2014,64700.7423916131
CHI,2015,61852.0735568957
CHI,2016,55950.1482938989
CHI,2017,55806.5708942966
CHI,2018,60783.3529257544
CHI,2019,60568.108347955
CHL,2010,12632.8704724192
CHL,2011,14487.3927832032
CHL,2012,15241.9069981119
CHL,2013,15683.5486369155
CHL,2014,14529.6767206336
CHL,2015,13433.9202987032
CHL,2016,13649.8520452803
CHL,2017,14879.9086227187
CHL,2018,15659.4808675628
CHL,2019,14495.716721687
CHN,2010,4629.24551710077
CHN,2011,5703.76027973346
CHN,2012,6405.0574241349
CHN,2013,7147.03518622344
CHN,2014,7781.06597484974
CHN,2015,8175.33285077393
CHN,2016,8254.86859320357
CHN,2017,8979.67652709856
CHN,2018,10085.6638148819
CHN,2019,10342.9009524335
CIV,2010,1553.54887048143
CIV,2011,1596.62826565998
CIV,2012,1546.9460184731
CIV,2013,1786.15862031324
CIV,2014,1991.36539423404
CIV,2015,1814.71855088017
CIV,2016,1862.59597081287
CIV,2017,1964.29930338343
CIV,2018,2130.86619381144
CIV,2019,2141.76836170115
CMR,2010,1398.58702025047
CMR,2011,1513.96056994878
CMR,2012,1449.09874362279
CMR,2013,1575.92882118897
CMR,2014,1649.4433905949
CMR,2015,1415.00009710569
CMR,2016,1441.7201725688
CMR,2017,1496.08951771242
CMR,2018,1610.69641591017
CMR,2019,1555.22660476477
COD,2010,314.53858629844
COD,2011,364.714191777632
COD,2012,400.059901824342
COD,2013,431.191528160935
COD,2014,458.004541775676
COD,2015,467.9145805459
COD,2016,442.310472110228
COD,2017,436.584534687385
COD,2018,528.256019777898
COD,2019,557.044161335917
COG,2010,2946.55798067708
COG,2011,3396.16505817952
COG,2012,3732.32737320389
COG,2013,3697.41705884249
COG,2014,3601.2365808718
COG,2015,2439.35189403696
COG,2016,2093.10728558843
COG,2017,2211.63309874797
COG,2018,2694.43413191427
COG,2019,2488.42466724916
COL,2010,6398.2958447102
COL,2011,7400.9940695669
COL,2012,8108.59838244229
COL,2013,8279.10255642981
COL,2014,8187.20824890084
COL,2015,6248.51490534512
COL,2016,5959.84250367574
COL,2017,6479.53231292429
COL,2018,6816.96818309544
COL,2019,6472.54544924705
COM,2010,1386.57533553376
COM,2011,1531.43969320468
COM,2012,1490.31425650871
COM,2013,1603.32653496691
COM,2014,1615.71718460209
COM,2015,1329.3704808998
COM,2016,1365.48403353158
COM,2017,1423.92480215551
COM,2018,1540.71132331975
COM,2019,1519.26386326167
CPV,2010,3579.46006137809
CPV,2011,4002.01386888785
CPV,2012,3736.81517011087
CPV,2013,3960.97596791345
CPV,2014,3985.60706548134
CPV,2015,3415.06266730931
CPV,2016,3608.96605234906
CPV,2017,3893.09571382506
CPV,2018,4294.96510035729
CPV,2019,4380.78117331128
CRI,2010,8265.78820275899
CRI,2011,9276.39107510528
CRI,2012,10126.999102414
CRI,2013,10803.2401961972
CRI,2014,10911.4978783227
CRI,2015,11714.7105980803
CRI,2016,12091.0301606335
CRI,2017,12317.0902771322
CRI,2018,12590.2493781628
CRI,2019,12884.6859951947
CUB,2010,5272.26755824835
CUB,2011,6104.46105236166
CUB,2012,6470.83673392653
CUB,2013,6828.36428245396
CUB,2014,7146.70459051328
CUB,2015,7727.91997207998
CUB,2016,8110.55873961397
CUB,2017,8610.60829531998
CUB,2018,8911.46205964193
CUB,2019,9232.26115935183
CUW,2010,19847.2310127979
CUW,2011,19426.326382752
CUW,2012,19809.8223198624
CUW,2013,19721.2921646576
CUW,2014,19623.029993395
CUW,2015,19361.8130008678
CUW,2016,18944.0961493998
CUW,2017,18938.2440469703
CUW,2018,19119.1243941688
CUW,2019,19220.6865793075
CYM,2010,76837.6699636672
CYM,2011,75280.960764889
CYM,2012,75101.59136128
CYM,2013,75113.7332398618
CYM,2014,75845.3060407986
CYM,2015,76379.2095108681
CYM,2016,77802.2541567187
CYM,2017,80053.9444506891
CYM,2018,83865.5531568184
CYM,2019,88254.2903677044
CYP,2010,31105.02734375
CYP,2011,32485.796875
CYP,2012,28991.935546875
CYP,2013,27797.45703125
CYP,2014,27244.3515625
CYP,2015,23487.228515625
CYP,2016,24715.154296875
CYP,2017,26696.990234375
CYP,2018,29599.986328125
CYP,2019,29703.052734375
CZE,2010,20160.4355077059
CZE,2011,22049.1080788682
CZE,2012,20014.0354015165
CZE,2013,20260.4954999375
CZE,2014,20038.4163180257
CZE,2015,17931.5987670768
CZE,2016,18753.9686718096
CZE,2017,20913.197632212
CZE,2018,23705.9329811299
CZE,2019,24062.7190013343
DEU,2010,42409.9356994694
DEU,2011,47646.582043143
DEU,2012,44735.5882319701
DEU,2013,47220.0102098851
DEU,2014,48971.0824722599
DEU,2015,41911.0109851054
DEU,2016,42961.0356905775
DEU,2017,45526.5999576533
DEU,2018,48874.8595028454
DEU,2019,47623.8656074829
DJI,2010,1213.23352553429
DJI,2011,1306.34552844977
DJI,2012,1400.19357858954
DJI,2013,2075.94498424748
DJI,2014,2214.62084142432
DJI,2015,2376.12554719873
DJI,2016,2510.4300076241
DJI,2017,2618.95521147369
DJI,2018,2718.08338799203
DJI,2019,2837.16902340932
DMA,2010,7549.61964680375
DMA,2011,7705.40717248319
DMA,2012,7528.51001990155
DMA,2013,7822.21797211398
DMA,2014,8131.74876096735
DMA,2015,8282.59874702141
DMA,2016,8802.56172041363
DMA,2017,8224.64896571414
DMA,2018,9215.3085405645
DMA,2019,9491.14995962374
DNK,2010,58104.5445594981
DNK,2011,61809.737898222
DNK,2012,58443.7747103968
DNK,2013,61377.5940590412
DNK,2014,62520.4509747011
DNK,2015,53094.0133607574
DNK,2016,54500.9260410217
DNK,2017,57521.5514992225
DNK,2018,61324.7665045565
DNK,2019,59404.2663247723
DOM,2010,5478.62470398954
DOM,2011,5826.51014109195
DOM,2012,6013.81965002603
DOM,2013,6136.59429329301
DOM,2014,6496.45166971142
DOM,2015,6800.95309395474
DOM,2016,7160.44200982307
DOM,2017,7412.71571571512
DOM,2018,7882.98221584944
DOM,2019,8183.01623600375
DZA,2010,4912.78585503672
DZA,2011,5916.31364364343
DZA,2012,6033.64884689543
DZA,2013,5979.60138960585
DZA,2014,6094.69392314956
DZA,2015,4685.05902729002
DZA,2016,4424.98529027556
DZA,2017,4554.66753957828
DZA,2018,4577.21029180491
DZA,2019,4468.45341883656
ECU,2010,4520.30959039763
ECU,2011,5153.6916424375
ECU,2012,5634.08393191094
ECU,2013,6109.29031510341
ECU,2014,6405.79979300441
ECU,2015,5976.1596805651
ECU,2016,5917.63771271481
ECU,2017,6233.32244797718
ECU,2018,6303.91886658338
ECU,2019,6205.05765246766
EGY,2010,2455.08194645282
EGY,2011,2590.64384891965
EGY,2012,2996.0677072015
EGY,2013,3025.52563552448
EGY,2014,3133.39102265541
EGY,2015,3306.98159414141
EGY,2016,3270.6287768197
EGY,2017,2395.10333299491
EGY,2018,2484.70315630508
EGY,2019,2962.98892023003
ERI,2010,539.699512069686
ERI,2011,688.68165957684
ESP,2010,30658.7422282912
ESP,2011,31824.6219134777
ESP,2012,28456.4438151477
ESP,2013,29228.846559842
ESP,2014,29707.765509467
ESP,2015,25982.4416197775
ESP,2016,26755.6061149398
ESP,2017,28381.3425596906
ESP,2018,30602.4212881113
ESP,2019,29786.5245689007
EST,2010,14663.7041018705
EST,2011,17555.5455239426
EST,2012,17568.2137969714
EST,2013,19310.3874900757
EST,2014,20581.7898991695
EST,2015,17722.1557669523
EST,2016,18666.3736521706
EST,2017,20851.5223496861
EST,2018,23618.1361254581
EST,2019,24021.2501413306
ETH,2010,330.619412798644
ETH,2011,343.024942351887
ETH,2012,452.101031885754
ETH,2013,484.039833104062
ETH,2014,549.986577082588
ETH,2015,621.845673808133
ETH,2016,696.196084806324
ETH,2017,745.632433925343
ETH,2018,747.968003672674
ETH,2019,828.709080522921
FIN,2010,46506.2919016566
FIN,2011,51060.3242589767
FIN,2012,47551.6740841369
FIN,2013,49691.0145200739
FIN,2014,50073.7760815871
FIN,2015,42560.3456767103
FIN,2016,43451.2562442158
FIN,2017,46085.0174739036
FIN,2018,49654.2497035329
FIN,2019,48358.1807773701
FJI,2010,3449.14452883369
FJI,2011,4139.60288609702
FJI,2012,4341.40338748749
FJI,2013,4572.44377544245
FJI,2014,5293.35676680464
FJI,2015,5097.53106864695
FJI,2016,5363.79026679243
FJI,2017,5826.84814459328
FJI,2018,6085.41979485376
FJI,2019,5950.82866866702
FRA,2010,40694.8211697025
FRA,2011,43929.7840873812
FRA,2012,40863.5814412333
FRA,2013,42669.1795111893
FRA,2014,43148.0459288416
FRA,2015,36702.4323733379
FRA,2016,37024.2157133669
FRA,2017,38687.1626407164
FRA,2018,41418.1766484844
FRA,2019,40408.2848574751
FRO,2010,47923.1515374991
FRO,2011,51618.9907766392
FRO,2012,50261.9616267693
FRO,2013,55758.2083680611
FRO,2014,60172.0632541664
FRO,2015,52635.0375463609
FRO,2016,56875.2803813296
FRO,2017,59387.353086482
FRO,2018,62526.4908515743
FRO,2019,63067.0695697911
FSM,2010,2761.24325832248
FSM,2011,2890.50493045368
FSM,2012,3033.16989526369
FSM,2013,2933.88333441237
FSM,2014,2945.41495996162
FSM,2015,2911.16211045292
FSM,2016,2979.60119184048
FSM,2017,3279.10779039285
FSM,2018,3566.58690371125
FSM,2019,3572.65918282222
GAB,2010,8356.74662013345
GAB,2011,10219.1139339454
GAB,2012,9296.96587941088
GAB,2013,9197.70106323947
GAB,2014,9201.36276648105
GAB,2015,7047.12654634355
GAB,2016,6677.07003901644
GAB,2017,6921.73373135624
GAB,2018,7624.2775233771
GAB,2019,7441.1786472281
GBR,2010,39598.957119545
GBR,2011,42109.6418795749
GBR,2012,42490.1465463521
GBR,2013,43419.0352598932
GBR,2014,47426.6209829995
GBR,2015,44983.885522934
GBR,2016,40988.1044233026
GBR,2017,40629.2340347345
GBR,2018,43315.4874501318
GBR,2019,42794.0022648288
GEO,2010,3281.72930937343
GEO,2011,4119.66818307193
GEO,2012,4530.69533409431
GEO,2013,4712.00229382665
GEO,2014,4830.33486170249
GEO,2015,4086.6223465965
GEO,2016,4143.40125686315
GEO,2017,4418.75206546679
GEO,2018,4804.0546040444
GEO,2019,4741.2832715876
GHA,2010,1263.89251760539
GHA,2011,1507.43573198753
GHA,2012,1543.77524235764
GHA,2013,2294.79584693743
GHA,2014,1949.90832923846
GHA,2015,1722.77282833606
GHA,2016,1912.47991339951
GHA,2017,2012.28662641265
GHA,2018,2195.32166016377
GHA,2019,2186.65822682613
GIN,2010,659.235326211315
GIN,2011,636.694958747648
GIN,2012,699.353377212197
GIN,2013,748.455020824734
GIN,2014,765.146999389279
GIN,2015,747.356966759448
GIN,2016,711.996509782316
GIN,2017,833.598621691121
GIN,2018,933.273615633705
GIN,2019,1031.34146480732
GMB,2010,801.033372714536
GMB,2011,710.608411468152
GMB,2012,692.579361628102
GMB,2013,653.862713272743
GMB,2014,568.00453558864
GMB,2015,619.536364296461
GMB,2016,650.056501323611
GMB,2017,642.522641296331
GMB,2018,696.219806960615
GMB,2019,738.186751987483
GNB,2010,600.194298540768
GNB,2011,719.539573498937
GNB,2012,635.461653303881
GNB,2013,654.304534409417
GNB,2014,652.022501029449
GNB,2015,645.066837207039
GNB,2016,679.665386626818
GNB,2017,783.123186602022
GNB,2018,808.531613218504
GNB,2019,807.425524872835
GNQ,2010,13720.1658723222
GNQ,2011,17198.2136668275
GNQ,2012,17308.5723924575
GNQ,2013,16304.0713196418
GNQ,2014,15548.6624656619
GNQ,2015,9068.91003238645
GNQ,2016,7453.19797948517
GNQ,2017,7809.10465655488
GNQ,2018,8102.47084834031
GNQ,2019,6804.14923073888
GRC,2010,26653.0488008626
GRC,2011,25504.7866510124
GRC,2012,21624.346052551
GRC,2013,21573.3449762805
GRC,2014,21474.7257123892
GRC,2015,17980.7298238137
GRC,2016,17919.2426377048
GRC,2017,18631.9930129293
GRC,2018,19873.4015238771
GRC,2019,19335.3602002969
GRD,2010,6909.60169568597
GRD,2011,6947.38136096464
GRD,2012,7092.71985352677
GRD,2013,7424.80212287327
GRD,2014,7986.33421210788
GRD,2015,8694.12438005692
GRD,2016,9221.23461079424
GRD,2017,9751.42661155932
GRD,2018,10083.021279225
GRD,2019,10462.7929159533
GRL,2010,44277.1993400972
GRL,2011,47186.8759969388
GRL,2012,45936.9562817724
GRL,2013,47535.4883792376
GRL,2014,50485.2244135291
GRL,2015,44536.3549705377
GRL,2016,48181.7453541266
GRL,2017,50765.7494665372
GRL,2018,54545.135857765
GRL,2019,53309.2035905065
GTM,2010,2805.25960237322
GTM,2011,3168.98370607705
GTM,2012,3286.61959336267
GTM,2013,3444.15971264862
GTM,2014,3689.14471813777
GTM,2015,3893.50522093509
GTM,2016,4060.13754974186
GTM,2017,4324.99608157801
GTM,2018,4352.94651790253
GTM,2019,4511.99755157656
GUM,2010,29719.7967836082
GUM,2011,29926.2052442913
GUM,2012,31653.7506538168
GUM,2013,32530.7593121483
GUM,2014,33900.1486530583
GUM,2015,35165.7014644795
GUM,2016,35930.6594898711
GUM,2017,36779.0078903909
GUM,2018,37195.9503070464
GUM,2019,39274.9431424899
GUY,2010,4581.76179693492
GUY,2011,4947.22170589917
GUY,2012,5444.39751913913
GUY,2013,5556.91231156932
GUY,2014,5472.68820452237
GUY,2015,5640.41560569466
GUY,2016,5870.87823759835
GUY,2017,6178.6650437298
GUY,2018,6048.38697180418
GUY,2019,6405.82443444562
HKG,2010,32550.136489179
HKG,2011,35142.4879344543
HKG,2012,36730.796195815
HKG,2013,38403.7777145477
HKG,2014,40315.3739510191
HKG,2015,42432.1619740441
HKG,2016,43734.1980702999
HKG,2017,46160.429791493
HKG,2018,48537.5668888343
HKG,2019,48359.0011950597
HND,2010,1893.32722662035
HND,2011,2073.66121088074
HND,2012,2126.03474686503
HND,2013,2081.12843527945
HND,2014,2179.88171977271
HND,2015,2271.20265980349
HND,2016,2307.34468351082
HND,2017,2413.0076562942
HND,2018,2464.64241531918
HND,2019,2502.32744328073
HRV,2010,13731.2865213989
HRV,2011,14694.9993201417
HRV,2012,13508.6836989693
HRV,2013,14136.3967669505
HRV,2014,14187.9694531493
HRV,2015,12285.3032582105
HRV,2016,12821.1738140304
HRV,2017,13902.6310485422
HRV,2018,15460.4183295843
HRV,2019,15563.8167397199
HTI,2010,1209.72733503094
HTI,2011,1312.03953552013
HTI,2012,1361.39396587374
HTI,2013,1457.83221179626
HTI,2014,1460.18898613914
HTI,2015,1411.12684746796
HTI,2016,1318.40268167953
HTI,2017,1395.23945184461
HTI,2018,1496.38048970156
HTI,2019,1352.17204191532
HUN,2010,13189.8433874768
HUN,2011,14211.460557822
HUN,2012,12950.1594488143
HUN,2013,13739.4620151401
HUN,2014,14352.501883174
HUN,2015,12782.9412577973
HUN,2016,13215.8605277789
HUN,2017,14736.1668157258
HUN,2018,16605.0570511887
HUN,2019,17012.8598553199
IDN,2010,3065.68348377765
IDN,2011,3579.46442466152
IDN,2012,3632.27254030331
IDN,2013,3566.60284506078
IDN,2014,3441.06808464008
IDN,2015,3288.22269725538
IDN,2016,3521.46943457574
IDN,2017,3798.88326174526
IDN,2018,3860.95353090726
IDN,2019,4106.94856160358
IMN,2010,70587.3140283741
IMN,2011,77808.8579649376
IMN,2012,79329.2034347434
IMN,2013,83207.6588430451
IMN,2014,91885.4528718026
IMN,2015,84753.5187422732
IMN,2016,82025.9454509241
IMN,2017,83481.3038489014
IMN,2018,89393.8244248812
IMN,2019,87127.5517977404
IND,2010,1347.51939071367
IND,2011,1445.46127486037
IND,2012,1429.32199520032
IND,2013,1432.84397512195
IND,2014,1553.88396075118
IND,2015,1583.99815907985
IND,2016,1707.50892912243
IND,2017,1950.10468280866
IND,2018,1966.25455171679
IND,2019,2041.42863698585
IRL,2010,48679.4026820361
IRL,2011,52692.7813135606
IRL,2012,49411.7387476787
IRL,2013,52619.2123745817
IRL,2014,57278.2590911107
IRL,2015,64311.8234684057
IRL,2016,64192.9418053178
IRL,2017,72198.1076995377
IRL,2018,80738.9628834696
IRL,2019,81810.1926481407
IRN,2010,6291.19443652344
IRN,2011,8025.68743364356
IRN,2012,8114.08099831877
IRN,2013,6222.74194840326
IRN,2014,5672.06372896319
IRN,2015,4952.73355532178
IRN,2016,5477.03712389913
IRN,2017,5753.11544659399
IRN,2018,4631.78709016514
IRN,2019,3831.27894763337
IRQ,2010,4461.75196161555
IRQ,2011,5775.54229080293
IRQ,2012,6477.59618450955
IRQ,2013,6650.35282247395
IRQ,2014,6249.39226978969
IRQ,2015,4440.14189252367
IRQ,2016,4334.42096404188
IRQ,2017,4759.2846435467
IRQ,2018,5646.68932074742
IRQ,2019,5671.8568632942
ISL,2010,43237.0729488958
ISL,2011,47714.5922308485
ISL,2012,45995.5478789467
ISL,2013,49804.9829978371
ISL,2014,54576.7448146565
ISL,2015,52951.6815110898
ISL,2016,61987.9263620283
ISL,2017,72010.1490316258
ISL,2018,74452.1890731447
ISL,2019,68452.23622306
ISR,2010,31439.0887027614
ISR,2011,34522.5215979073
ISR,2012,33321.4300881602
ISR,2013,37034.3161080785
ISR,2014,38343.3046626235
ISR,2015,36213.1041481958
ISR,2016,37671.5389138798
ISR,2017,41138.470964272
ISR,2018,42362.6652754196
ISR,2019,44250.6313628073
ITA,2010,35856.8625485539
ITA,2011,38432.3742820019
ITA,2012,34854.3949441965
ITA,2013,35701.6746002376
ITA,2014,36028.3494022349
ITA,2015,30639.8829751432
ITA,2016,31391.5692898108
ITA,2017,32844.115660604
ITA,2018,34904.1081923834
ITA,2019,33812.788724868
JAM,2010,4809.977380312
JAM,2011,5232.63644918132
JAM,2012,5340.83333232158
JAM,2013,5124.21301411137
JAM,2014,4975.11325459872
JAM,2015,5062.8955502426
JAM,2016,5009.79448724295
JAM,2017,5259.31332766957
JAM,2018,5578.10347525832
JAM,2019,5607.24299266608
JOR,2010,3718.46571622945
JOR,2011,3946.85503855525
JOR,2012,4169.50470054618
JOR,2013,4311.21916713038
JOR,2014,4191.18050084986
JOR,2015,4042.75678097555
JOR,2016,3986.71677010853
JOR,2017,4065.61628749384
JOR,2018,4145.43989673265
JOR,2019,4170.1144003465
JPN,2010,44968.1562349739
JPN,2011,48760.0789494211
JPN,2012,49145.2804308193
JPN,2013,40898.6478964744
JPN,2014,38475.3952461838
JPN,2015,34960.6393843385
JPN,2016,39375.4731620781
JPN,2017,38834.0529341227
JPN,2018,39751.1330982711
JPN,2019,40415.9567649547
KAZ,2010,8793.07589980782
KAZ,2011,11287.1464926039
KAZ,2012,12018.7966527993
KAZ,2013,13478.459627612
KAZ,2014,12427.7094576939
KAZ,2015,10196.1226255982
KAZ,2016,7475.56688689424
KAZ,2017,8943.08416791984
KAZ,2018,9472.48527327758
KAZ,2019,9457.12614657136
KEN,2010,1091.51873101194
KEN,2011,1096.14499807675
KEN,2012,1285.00536171512
KEN,2013,1370.87885214659
KEN,2014,1482.81566253497
KEN,2015,1489.11959777284
KEN,2016,1554.12610314423
KEN,2017,1667.48447230835
KEN,2018,1836.45275528993
KEN,2019,1960.40808854893
KGZ,2010,876.954476440354
KGZ,2011,1117.40174350185
KGZ,2012,1168.62244675446
KGZ,2013,1269.66303464348
KGZ,2014,1264.52668823891
KGZ,2015,1105.65193844261
KGZ,2016,1103.27489428412
KGZ,2017,1221.39046807082
KGZ,2018,1283.5203037417
KGZ,2019,1421.99927504102
KHM,2010,952.274616324008
KHM,2011,1088.98152823081
KHM,2012,1192.80263041673
KHM,2013,1305.6600972686
KHM,2014,1431.56396469993
KHM,2015,1547.32010444393
KHM,2016,1675.19555711109
KHM,2017,1826.35391688754
KHM,2018,2036.67377566578
KHM,2019,2225.87705485686
KIR,2010,1522.10068744154
KIR,2011,1771.12926848792
KIR,2012,1843.55336349889
KIR,2013,1772.08718317132
KIR,2014,1736.70535682101
KIR,2015,1639.85274740652
KIR,2016,1742.66799324117
KIR,2017,1853.05122713319
KIR,2018,1912.73809378187
KIR,2019,1750.9977188915
KNA,2010,16622.9457908577
KNA,2011,17832.4572919975
KNA,2012,17532.0559008608
KNA,2013,18580.1301949935
KNA,2014,20219.3954237956
KNA,2015,20328.8003530109
KNA,2016,21387.5415511103
KNA,2017,22464.9899633959
KNA,2018,22901.3816403197
KNA,2019,23595.4923231291
KOR,2010,23079.2601257735
KOR,2011,25097.595426845
KOR,2012,25459.1689000965
KOR,2013,27179.5170146052
KOR,2014,29252.9312377352
KOR,2015,28737.4391706499
KOR,2016,29280.4403170048
KOR,2017,31600.7358741365
KOR,2018,33447.1562836166
KOR,2019,31902.4169048194
KWT,2010,39212.2522190461
KWT,2011,49169.6063983139
KWT,2012,52155.2225460479
KWT,2013,49651.0439709448
KWT,2014,44368.781373043
KWT,2015,29882.2126867068
KWT,2016,27323.6890643847
KWT,2017,29047.6535822842
KWT,2018,32067.9623689512
KWT,2019,31707.8737464917
LAO,2010,1125.91610151261
LAO,2011,1361.54704394913
LAO,2012,1563.5650771337
LAO,2013,1812.51774424651
LAO,2014,1981.03910900473
LAO,2015,2121.01339097363
LAO,2016,2303.22156035363
LAO,2017,2432.43059478511
LAO,2018,2545.1075420815
LAO,2019,2589.32081035237
LBN,2010,7625.81051551165
LBN,2011,7834.96257108993
LBN,2012,8406.98405608118
LBN,2013,8162.37929361396
LBN,2014,7577.6413302369
LBN,2015,7714.1099998804
LBN,2016,8089.012088155
LBN,2017,8608.21084982387
LBN,2018,9174.53666204759
LBN,2019,8905.88005497437
LBR,2010,492.252808033724
LBR,2011,568.087865520004
LBR,2012,638.368751462083
LBR,2013,710.744570927863
LBR,2014,706.714490064507
LBR,2015,692.590082351257
LBR,2016,714.613063145659
LBR,2017,699.269095727404
LBR,2018,692.203127129794
LBR,2019,658.164180770507
LBY,2010,11600.9068649472
LBY,2011,7593.8391525702
LBY,2012,14975.8902795144
LBY,2013,11951.7134126011
LBY,2014,8926.42074591474
LBY,2015,7458.48917756374
LBY,2016,7525.80299308216
LBY,2017,9965.83236729757
LBY,2018,11196.5854810844
LBY,2019,9963.19489084483
LCA,2010,8673.68720340529
LCA,2011,9128.99442011613
LCA,2012,9260.30006551714
LCA,2013,9577.21733754358
LCA,2014,10044.8218377677
LCA,2015,10334.9860823918
LCA,2016,10638.1269396653
LCA,2017,11333.1123822102
LCA,2018,11642.6984727769
LCA,2019,11794.0597229805
LIE,2010,141089.812849014
LIE,2011,158066.369379163
LIE,2012,148842.035144342
LIE,2013,172823.607794648
LIE,2014,178735.153020908
LIE,2015,167187.15730982
LIE,2016,165375.491396259
LIE,2017,170547.092298954
LIE,2018,174988.775083446
LIE,2019,166907.839305016
LKA,2010,2808.36779237408
LKA,2011,3224.95736331928
LKA,2012,3327.77612404326
LKA,2013,3740.61589348326
LKA,2014,3971.91913148166
LKA,2015,4057.7158346231
LKA,2016,4149.19190775593
LKA,2017,4398.88828068715
LKA,2018,4358.56095906047
LKA,2019,4081.94772722003
LSO,2010,1119.47557793042
LSO,2011,1280.73390931581
LSO,2012,1217.93071228944
LSO,2013,1151.03735837227
LSO,2014,1173.5377928819
LSO,2015,1121.19851342518
LSO,2016,992.491840678465
LSO,2017,1069.36673247542
LSO,2018,1170.65569702819
LSO,2019,1082.05706777516
LTU,2010,11829.122609457
LTU,2011,14261.8433787325
LTU,2012,14288.1853493139
LTU,2013,15636.5252586048
LTU,2014,16446.1647181663
LTU,2015,14269.8039878287
LTU,2016,14934.2702840428
LTU,2017,16800.1510246099
LTU,2018,19247.2315367967
LTU,2019,19608.7943945553
LUX,2010,110885.991378721
LUX,2011,119025.057203467
LUX,2012,112584.676270958
LUX,2013,120000.140729859
LUX,2014,123678.702143275
LUX,2015,105462.012584423
LUX,2016,106899.293549552
LUX,2017,110193.213797228
LUX,2018,116926.759593905
LUX,2019,112696.649059674
LVA,2010,11188.4191700977
LVA,2011,12902.574053337
LVA,2012,13329.3499931271
LVA,2013,14484.4715282132
LVA,2014,15185.814581236
LVA,2015,13321.9753140616
LVA,2016,13838.5266823272
LVA,2017,15132.4958333982
LVA,2018,17252.1710428626
LVA,2019,17294.9751600969
MAC,2010,52591.8035225196
MAC,2011,67041.2823092952
MAC,2012,76051.6312325843
MAC,2013,87069.767003344
MAC,2014,88310.8119567344
MAC,2015,70070.2918001631
MAC,2016,69074.0363049212
MAC,2017,77704.9215312666
MAC,2018,83761.8171798142
MAC,2019,81967.699172769
MAF,2011,20930.5850690939
MAF,2014,20638.765189511
MAF,2019,19033.0594854512
MAR,2010,3067.9853515625
MAR,2011,3301.98876953125
MAR,2012,3164.17724609375
MAR,2013,3379.7431640625
MAR,2014,3435.40698242188
MAR,2015,3146.24780273438
MAR,2016,3140.85546875
MAR,2017,3296.52661132813
MAR,2018,3501.69799804688
MAR,2019,3508.09765625
MCO,2010,161853.920622244
MCO,2011,179363.984221513
MCO,2012,165444.651378771
MCO,2013,184940.663804718
MCO,2014,195693.570738894
MCO,2015,170437.101188261
MCO,2016,173604.753555915
MCO,2017,170663.375247872
MCO,2018,188298.315668437
MCO,2019,193746.785647412
MDA,2010,2436.79935102421
MDA,2011,2941.36224066021
MDA,2012,3044.8084324815
MDA,2013,3321.04397795719
MDA,2014,3289.95758568777
MDA,2015,2749.55137054338
MDA,2016,2847.08794770479
MDA,2017,3453.26727720294
MDA,2018,4156.44981956646
MDA,2019,4405.33418162155
MDG,2010,450.009391645726
MDG,2011,506.163691559309
MDG,2012,493.511162904211
MDG,2013,515.301589361832
MDG,2014,505.684922503435
MDG,2015,445.320069480568
MDG,2016,453.970714522463
MDG,2017,491.866848718929
MDG,2018,500.45718552916
MDG,2019,499.818837622534
MDV,2010,7173.59601844692
MDV,2011,7424.520410971
MDV,2012,7461.29703686309
MDV,2013,8236.08177944126
MDV,2014,8939.07416571472
MDV,2015,9644.90655028145
MDV,2016,9947.80744731739
MDV,2017,10509.628805812
MDV,2018,11423.2838427029
MDV,2019,11740.2724029785
MEX,2010,9728.80078237782
MEX,2011,10664.4944046282
MEX,2012,10744.1335229686
MEX,2013,11216.800851866
MEX,2014,11391.3773510244
MEX,2015,10021.2386124039
MEX,2016,9097.92397674769
MEX,2017,9649.27816772402
MEX,2018,10084.7937553679
MEX,2019,10369.5553585271
MHL,2010,3095.45768964722
MHL,2011,3319.39815439151
MHL,2012,3514.26515490383
MHL,2013,3677.90690791421
MHL,2014,3735.23977829545
MHL,2015,3764.34426229508
MHL,2016,4229.80988911945
MHL,2017,4592.83457628576
MHL,2018,4858.12079054875
MHL,2019,5292.33985502306
MKD,2010,4833.36586759968
MKD,2011,5416.86672931659
MKD,2012,5049.8265386157
MKD,2013,5626.26115664893
MKD,2014,5925.38592218015
MKD,2015,5262.68671928674
MKD,2016,5598.48622617967
MKD,2017,5955.2973863451
MKD,2018,6713.98925398989
MKD,2019,6718.85826635458
MLI,2010,827.617660082715
MLI,2011,941.574944706639
MLI,2012,878.217175344858
MLI,2013,903.190452512378
MLI,2014,940.243260037952
MLI,2015,838.11986940103
MLI,2016,872.468587171653
MLI,2017,924.057531692284
MLI,2018,996.379292136901
MLI,2019,971.949318638092
MLT,2010,21946.6070188242
MLT,2011,23516.9691282762
MLT,2012,22878.3131257656
MLT,2013,25415.5566806942
MLT,2014,27424.5765369278
MLT,2015,25529.6813131565
MLT,2016,26459.0772054811
MLT,2017,30317.2443357939
MLT,2018,33382.2677502638
MLT,2019,32421.9179753188
MMR,2010,1010.53417343401
MMR,2011,1213.62898703376
MMR,2012,1202.6658960055
MMR,2013,1199.09561597055
MMR,2014,1293.00042298688
MMR,2015,1166.73305546337
MMR,2016,1229.19713515893
MMR,2017,1272.82241830603
MMR,2018,1298.21310320785
MMR,2019,1425.98954211903
MNE,2010,6688.40259641346
MNE,2011,7325.64689244715
MNE,2012,6577.74033229273
MNE,2013,7172.92908521143
MNE,2014,7364.96590101549
MNE,2015,6491.19280618646
MNE,2016,6999.1358134109
MNE,2017,7758.36921956034
MNE,2018,8790.88152116679
MNE,2019,8842.48528706869
MNG,2010,2625.21881402433
MNG,2011,3736.04201455077
MNG,2012,4328.89001905655
MNG,2013,4340.14310544449
MNG,2014,4126.23975800524
MNG,2015,3838.92126989984
MNG,2016,3619.90026383792
MNG,2017,3645.96708669551
MNG,2018,4107.64288528468
MNG,2019,4347.54610314873
MNP,2010,14771.4037455399
MNP,2011,13598.7166094613
MNP,2012,14013.6003306158
MNP,2013,14632.8518897608
MNP,2014,15945.417608954
MNP,2015,17665.1007493109
MNP,2016,24225.474169342
MNP,2017,31225.6049960968
MNP,2018,26509.3628379893
MNP,2019,24496.6652122421
MOZ,2010,496.185839392659
MOZ,2011,618.17649286789
MOZ,2012,685.685748199513
MOZ,2013,686.505672517351
MOZ,2014,697.142680444123
MOZ,2015,610.563774706589
MOZ,2016,441.489734819071
MOZ,2017,470.93856305196
MOZ,2018,517.507260258101
MOZ,2019,519.09255091362
MRT,2010,1659.96369705455
MRT,2011,1931.19975525465
MRT,2012,1859.11733247641
MRT,2013,1934.24103064714
MRT,2014,1713.00865264234
MRT,2015,1554.94897871782
MRT,2016,1565.76575722696
MRT,2017,1615.00401327323
MRT,2018,1722.93528854073
MRT,2019,1767.072710621
MUS,2010,8000.37643182154
MUS,2011,9197.04299089459
MUS,2012,9291.23627601053
MUS,2013,9764.64413060045
MUS,2014,10366.3550754936
MUS,2015,9507.87133656424
MUS,2016,9965.72531085228
MUS,2017,10841.6847754844
MUS,2018,11643.4605962124
MUS,2019,11403.2527870674
MWI,2010,683.124694716799
MWI,2011,763.061000394572
MWI,2012,558.46208832772
MWI,2013,496.947368267313
MWI,2014,529.5133440206
MWI,2015,539.605363240686
MWI,2016,450.506105510719
MWI,2017,495.769683367165
MWI,2018,533.203173686705
MWI,2019,580.889816066776
MYS,2010,8899.34505544675
MYS,2011,10217.1068585031
MYS,2012,10600.5744240026
MYS,2013,10713.6407638899
MYS,2014,11013.3107334403
MYS,2015,9648.6797937523
MYS,2016,9476.53409809923
MYS,2017,9862.54806612235
MYS,2018,10901.8019954421
MYS,2019,10920.191763972
NAM,2010,5418.21633365814
NAM,2011,5834.7917675794
NAM,2012,5942.64680978673
NAM,2013,5346.62131149967
NAM,2014,5378.32326241205
NAM,2015,4774.10650865775
NAM,2016,4395.68776162376
NAM,2017,5143.96072323076
NAM,2018,5308.60813408705
NAM,2019,4731.9210318831
NCL,2010,35798.9084757829
NCL,2011,38835.9401851385
NCL,2012,35559.5672006157
NCL,2013,36671.1566752621
NCL,2014,37816.9558599295
NCL,2015,30858.7237060533
NCL,2016,30782.8544433514
NCL,2017,32354.7102832901
NCL,2018,34902.8968780031
NCL,2019,33411.3358835672
NER,2010,474.425692340831
NER,2011,510.75956176268
NER,2012,528.510104469655
NER,2013,552.103334363117
NER,2014,565.30989731175
NER,2015,485.662574175279
NER,2016,502.706475406446
NER,2017,521.804130023434
NER,2018,578.568035680892
NER,2019,561.691304349698
NGA,2010,2202.25672957344
NGA,2011,2418.41316975875
NGA,2012,2633.19734671361
NGA,2013,2872.79083379398
NGA,2014,3088.72131316169
NGA,2015,2585.73360671797
NGA,2016,2070.4127339595
NGA,2017,1876.34027111773
NGA,2018,2057.87944554011
NGA,2019,2265.15520863056
NIC,2010,1526.56706951408
NIC,2011,1679.71192084633
NIC,2012,1784.69836017555
NIC,2013,1835.43996363715
NIC,2014,1958.37047579547
NIC,2015,2074.45620634731
NIC,2016,2131.68704828322
NIC,2017,2182.61380995674
NIC,2018,2035.16549390507
NIC,2019,1958.62051528095
NLD,2010,51305.7338533973
NLD,2011,54701.7728030611
NLD,2012,50473.9442002689
NLD,2013,52602.2860520766
NLD,2014,53457.2234864322
NLD,2015,45793.8135434697
NLD,2016,46808.5291492503
NLD,2017,49513.6817346384
NLD,2018,53955.0770024266
NLD,2019,53554.9007491475
NOR,2010,88163.2085931423
NOR,2011,101221.813476644
NOR,2012,102175.919298374
NOR,2013,103553.840134417
NOR,2014,97666.6951838749
NOR,2015,74809.9658049898
NOR,2016,70867.3609970749
NOR,2017,76131.8384032764
NOR,2018,82792.8427113304
NOR,2019,76430.5889473338
NPL,2010,585.278491984574
NPL,2011,785.518656222132
NPL,2012,788.202937148377
NPL,2013,803.269595420477
NPL,2014,821.455224911731
NPL,2015,875.543635474862
NPL,2016,877.256454696737
NPL,2017,1034.28374906846
NPL,2018,1179.19843190389
NPL,2019,1203.14294706401
NRU,2010,4723.91708258679
NRU,2011,6480.90451339597
NRU,2012,9817.36872216004
NRU,2013,8974.51886874433
NRU,2014,9193.09784447237
NRU,2015,7703.43149943923
NRU,2016,8724.30700255019
NRU,2017,9613.41209082575
NRU,2018,11408.6947593898
NRU,2019,10776.8284610316
NZL,2010,33761.9009639947
NZL,2011,38431.7766788499
NZL,2012,40053.6991536369
NZL,2013,43000.4646849189
NZL,2014,44618.266973847
NZL,2015,38665.3723018158
NZL,2016,40113.7195382428
NZL,2017,42950.3841711138
NZL,2018,43257.0769238879
NZL,2019,42779.2298164101
OMN,2010,23570.1798147325
OMN,2011,25188.0074151885
OMN,2012,24642.2978768596
OMN,2013,23458.0233840053
OMN,2014,23160.6502252547
OMN,2015,18808.3077921839
OMN,2016,17110.1897460545
OMN,2017,17820.0661809335
OMN,2018,19901.7615642016
OMN,2019,19180.1864152801
PAK,2010,987.304571124485
PAK,2011,1131.73513834324
PAK,2012,1204.36475491585
PAK,2013,1225.4340119198
PAK,2014,1266.61340849959
PAK,2015,1380.47020838317
PAK,2016,1424.69161195897
PAK,2017,1519.23459514248
PAK,2018,1569.33814626355
PAK,2019,1390.41690981745
PAN,2010,8331.46421351868
PAN,2011,9662.29592216607
PAN,2012,11064.8063606203
PAN,2013,12273.3225037637
PAN,2014,13213.1989637473
PAN,2015,14082.6548502728
PAN,2016,14832.3611608191
PAN,2017,15694.6297454295
PAN,2018,16151.3273478476
PAN,2019,16477.9066285687
PER,2010,5072.11494019615
PER,2011,5861.35793645245
PER,2012,6519.37852981527
PER,2013,6746.80025696601
PER,2014,6667.13410360861
PER,2015,6231.71150338894
PER,2016,6217.03599995447
PER,2017,6736.16693725487
PER,2018,6978.49121548627
PER,2019,7037.00803692604
PHL,2010,2162.91375885614
PHL,2011,2383.91892522087
PHL,2012,2614.61644401308
PHL,2013,2781.27957677397
PHL,2014,2866.83803761407
PHL,2015,2909.85818010301
PHL,2016,2985.19564024046
PHL,2017,3038.12124959289
PHL,2018,3168.51036609727
PHL,2019,3400.78949767074
PLW,2010,10229.0878451837
PLW,2011,11000.879522071
PLW,2012,12145.3644807205
PLW,2013,12768.9086582049
PLW,2014,13726.0231442281
PLW,2015,15690.759707372
PLW,2016,16762.5723436534
PLW,2017,16034.1342914889
PLW,2018,16197.7265072415
PLW,2019,15841.1956399595
PNG,2010,1866.86889851208
PNG,2011,2288.37591141234
PNG,2012,2635.0873631547
PNG,2013,2560.77458976327
PNG,2014,2723.17529825196
PNG,2015,2484.5963398603
PNG,2016,2316.39479758492
PNG,2017,2477.76530986323
PNG,2018,2566.36833735041
PNG,2019,2575.77274140393
POL,2010,12567.7317676382
POL,2011,13867.6669408192
POL,2012,13087.420943321
POL,2013,13621.9023794031
POL,2014,14262.2841914116
POL,2015,12637.5220324406
POL,2016,12464.0121044827
POL,2017,13913.3415190124
POL,2018,15658.210586693
POL,2019,15874.5220531254
PRI,2010,26414.8810634548
PRI,2011,27170.0766543278
PRI,2012,27742.024476618
PRI,2013,28212.0499737431
PRI,2014,28576.0988023209
PRI,2015,29242.041465085
PRI,2016,29978.0889268918
PRI,2017,30328.4871132804
PRI,2018,30679.9181934488
PRI,2019,31830.5284993358
PRT,2010,22551.935098809
PRT,2011,23246.5425416481
PRT,2012,20593.4274224109
PRT,2013,21676.4859642714
PRT,2014,22120.6850127107
PRT,2015,19215.7813014347
PRT,2016,19980.2808866516
PRT,2017,21442.3842768879
PRT,2018,23541.1401075289
PRT,2019,23343.3628970034
PRY,2010,4750.96273669322
PRY,2011,5805.40154543044
PRY,2012,5642.1699167298
PRY,2013,6435.68342733182
PRY,2014,6652.25478942291
PRY,2015,5879.33792308671
PRY,2016,5775.1596339946
PRY,2017,6152.26711537703
PRY,2018,6258.44991640954
PRY,2019,5821.18199548637
PSE,2010,2557.07562356699
PSE,2011,2880.79843707909
PSE,2012,3067.43872735614
PSE,2013,3315.29753909282
PSE,2014,3352.11259506043
PSE,2015,3272.15432360708
PSE,2016,3527.61382413178
PSE,2017,3620.36048715937
PSE,2018,3562.33094270256
PSE,2019,3656.85827137011
PYF,2010,22494.806706186
PYF,2011,22831.5185348524
PYF,2012,20846.5457478364
PYF,2013,21955.6329264095
PYF,2014,22258.6321384251
PYF,2015,19166.9594761931
PYF,2016,19690.0775734589
PYF,2017,20826.9312492172
PYF,2018,21925.616043938
PYF,2019,21582.5892046801
QAT,2010,77387.3267885308
QAT,2011,103261.506539346
QAT,2012,108470.378825036
QAT,2013,103697.008372373
QAT,2014,95840.6310094498
QAT,2015,68985.2946961507
QAT,2016,61253.6375482797
QAT,2017,63279.8556949332
QAT,2018,71039.8490579352
QAT,2019,66841.3013484919
ROU,2010,8399.5374234284
ROU,2011,9560.6755277458
ROU,2012,8929.95366231474
ROU,2013,9497.67411615237
ROU,2014,10031.7710755404
ROU,2015,8977.01748158196
ROU,2016,9404.54005870715
ROU,2017,10727.9822007426
ROU,2018,12502.2624061935
ROU,2019,12992.0326104674
RUS,2010,10674.990234375
RUS,2011,14305.33203125
RUS,2012,15401.8515625
RUS,2013,15941.4482421875
RUS,2014,14055.47265625
RUS,2015,9277.7138671875
RUS,2016,8663.158203125
RUS,2017,10658.9130859375
RUS,2018,11211.8876953125
RUS,2019,11447.701171875
RWA,2010,593.624927744346
RWA,2011,651.133677964662
RWA,2012,706.8172686891
RWA,2013,704.92421796616
RWA,2014,724.957526109262
RWA,2015,733.998630392314
RWA,2016,729.519134044611
RWA,2017,758.300966737624
RWA,2018,771.773511057901
RWA,2019,810.051412137354
SAU,2010,22028.3901426586
SAU,2011,27126.7498747702
SAU,2012,28733.4375513452
SAU,2013,27865.465604962
SAU,2014,27805.4850319422
SAU,2015,23256.1549553531
SAU,2016,22267.7217050387
SAU,2017,23929.2907135982
SAU,2018,29360.0658968566
SAU,2019,29566.7933827436
SDN,2010,1305.63598632813
SDN,2011,1332.6572265625
SDN,2012,1019.22210693359
SDN,2013,1138.62780761719
SDN,2014,1275.43835449219
SDN,2015,1292.37963867188
SDN,2016,1033.21594238281
SDN,2017,966.505676269531
SDN,2018,731.027465820313
SDN,2019,709.975280761719
SEN,2010,1275.88357492357
SEN,2011,1374.67591873844
SEN,2012,1326.83798848379
SEN,2013,1379.83196553924
SEN,2014,1398.89137601382
SEN,2015,1218.00613555438
SEN,2016,1266.43957151587
SEN,2017,1356.80518449031
SEN,2018,1452.55612562445
SEN,2019,1431.18128932159
SGP,2010,47236.683084953
SGP,2011,53891.4570264372
SGP,2012,55547.5553077786
SGP,2013,56967.4257940383
SGP,2014,57564.8023114977
SGP,2015,55645.6068614606
SGP,2016,57005.5887176547
SGP,2017,61236.251270627
SGP,2018,66881.6067035265
SGP,2019,65952.0378959293
SLB,2010,1685.15499035363
SLB,2011,1924.05277323978
SLB,2012,2066.25352289833
SLB,2013,2161.39573596215
SLB,2014,2164.9442392168
SLB,2015,2045.47889485251
SLB,2016,2082.62989047871
SLB,2017,2143.57465243959
SLB,2018,2278.20633913383
SLB,2019,2223.66502559565
SLE,2010,685.039673490948
SLE,2011,761.146365577281
SLE,2012,937.504428180231
SLE,2013,1117.47183075115
SLE,2014,1117.7586465721
SLE,2015,964.575980888989
SLE,2016,844.416411175476
SLE,2017,779.186007841728
SLE,2018,845.914540460932
SLE,2019,844.049555179116
SLV,2010,3040.07300952878
SLV,2011,3330.60049486653
SLV,2012,3497.91256915509
SLV,2013,3582.26694005169
SLV,2014,3666.01248913873
SLV,2015,3790.34089108162
SLV,2016,3901.34014965811
SLV,2017,4020.12671373919
SLV,2018,4183.54620971358
SLV,2019,4320.11671534627
SMR,2010,56543.1898204098
SMR,2011,55601.3929703047
SMR,2012,47945.8991734281
SMR,2013,50807.8289138024
SMR,2014,51260.4938347125
SMR,2015,43146.8240435428
SMR,2016,44359.4797662688
SMR,2017,45192.0279766943
SMR,2018,47950.6880557136
SMR,2019,46627.0122356944
SOM,2010,219.202453852397
SOM,2011,235.325945610434
SOM,2012,350.261946720512
SOM,2013,393.398703952979
SOM,2014,429.431656725102
SOM,2015,445.583080073396
SOM,2016,460.928490585175
SOM,2017,510.939952317726
SOM,2018,509.525801898508
SOM,2019,539.893931565407
SRB,2010,5970.92660940072
SRB,2011,7082.2861666075
SRB,2012,6263.04086072815
SRB,2013,7040.41812068781
SRB,2014,6886.67809068704
SRB,2015,5820.3215576888
SRB,2016,5982.37030126471
SRB,2017,6548.03653824187
SRB,2018,7559.86165747394
SRB,2019,7755.632986437
SSD,2010,1498.27034985194
SSD,2011,1448.98435006408
SSD,2012,1109.26050083408
SSD,2013,1650.18943353528
SSD,2014,1242.73450181032
SSD,2015,1080.14718624765
STP,2010,1045.20958234528
STP,2011,1219.80189089671
STP,2012,1210.79264672325
STP,2013,1382.5757842916
STP,2014,1489.67633417608
STP,2015,1298.10946596396
STP,2016,1434.87018050521
STP,2017,1555.79477812888
STP,2018,1825.59971753966
STP,2019,1935.2931816596
SUR,2010,7943.60482816915
SUR,2011,7949.88867218383
SUR,2012,8851.24050668908
SUR,2013,9043.19281529222
SUR,2014,9108.18905406764
SUR,2015,8813.61705392067
SUR,2016,5644.2061057532
SUR,2017,6049.52128553675
SUR,2018,6665.74180472239
SUR,2019,6629.66775248603
SVK,2010,16899.448680529
SVK,2011,18469.4354316836
SVK,2012,17516.9691054078
SVK,2013,18312.7805149823
SVK,2014,18770.9289896545
SVK,2015,16442.0760860018
SVK,2016,16636.0769133073
SVK,2017,17645.5298716761
SVK,2018,19573.3717031314
SVK,2019,19406.0589683582
SVN,2010,23329.8417691156
SVN,2011,24940.6284841605
SVN,2012,22442.1417859955
SVN,2013,23236.9655321695
SVN,2014,24013.0682060959
SVN,2015,20697.2748530619
SVN,2016,21447.8377796036
SVN,2017,23303.077705959
SVN,2018,25888.0481065655
SVN,2019,25814.1687167572
SWE,2010,52542.8274141037
SWE,2011,60379.7748160321
SWE,2012,57749.8251328664
SWE,2013,60844.2767113975
SWE,2014,59583.7140001673
SWE,2015,51197.9529341175
SWE,2016,51820.3972482676
SWE,2017,53300.8587281785
SWE,2018,54181.9069780904
SWE,2019,51773.0464558993
SWZ,2010,3992.95199562618
SWZ,2011,4312.34243414155
SWZ,2012,4347.99569336631
SWZ,2013,3951.12008139006
SWZ,2014,3771.90796458406
SWZ,2015,3420.75357067279
SWZ,2016,3239.80707501414
SWZ,2017,3853.99147918102
SWZ,2018,3973.46344933667
SWZ,2019,3913.12643969301
SXM,2010,26403.8143692163
SXM,2011,27317.5178881974
SXM,2012,28149.0997855041
SXM,2013,28529.7324687053
SXM,2014,37134.912423099
SXM,2015,37839.6283815163
SXM,2016,37308.6147795736
SXM,2017,34701.3058494468
SXM,2018,31708.3110124742
SXM,2019,34861.469528968
SYC,2010,10934.79494629
SYC,2011,12110.0937461973
SYC,2012,12337.1554669388
SYC,2013,14821.2921476077
SYC,2014,15188.1902175113
SYC,2015,15333.1051727105
SYC,2016,16566.9946042294
SYC,2017,17480.3651911372
SYC,2018,18440.2340460932
SYC,2019,19141.5118743615
SYR,2010,2730.61477118949
SYR,2011,2952.14349372257
SYR,2012,1897.66115018696
SYR,2013,985.892669227054
SYR,2014,1060.59105886854
SYR,2015,847.731631942565
SYR,2016,656.3490586313
SYR,2017,851.502005254153
SYR,2018,1098.0668642357
SYR,2019,1109.53926036049
TCA,2010,23093.8498268267
TCA,2011,23626.726317837
TCA,2012,22633.9527500233
TCA,2013,22412.2069354887
TCA,2014,24014.2653352354
TCA,2015,25736.101625461
TCA,2016,26946.4178520162
TCA,2017,25614.8372710646
TCA,2018,31625.616593277
TCA,2019,31780.5217068989
TCD,2010,1141.80069268412
TCD,2011,1308.1421872538
TCD,2012,1354.34344701937
TCD,2013,1304.88742971475
TCD,2014,1278.78981422494
TCD,2015,993.990730610869
TCD,2016,861.831767630746
TCD,2017,854.46120040098
TCD,2018,948.656629871231
TCD,2019,893.336441643325
TGO,2010,704.987164181378
TGO,2011,783.989380490906
TGO,2012,762.392047587088
TGO,2013,826.543259457126
TGO,2014,855.585284856656
TGO,2015,751.052405084336
TGO,2016,772.581787093976
TGO,2017,792.765487219069
TGO,2018,851.130806891807
TGO,2019,826.260654099894
THA,2010,4973.86288823778
THA,2011,5373.6232832898
THA,2012,5725.52802835463
THA,2013,6018.08244729255
THA,2014,5801.1978916205
THA,2015,5688.85335397884
THA,2016,5833.57715617098
THA,2017,6413.09182530343
THA,2018,7099.77650081458
THA,2019,7605.69657797759
TJK,2010,737.338883219356
TJK,2011,833.601978202852
TJK,2012,952.452819695469
TJK,2013,1028.19704279396
TJK,2014,1081.54402932039
TJK,2015,956.916310930656
TJK,2016,788.710481734485
TJK,2017,829.45714764957
TJK,2018,834.288404578801
TJK,2019,871.022372934846
TKM,2010,4058.53937000739
TKM,2011,5143.61929334647
TKM,2012,6053.8748468749
TKM,2013,6599.64529055481
TKM,2014,7164.14536184006
TKM,2015,5759.497903834
TKM,2016,5686.98040962764
TKM,2017,5828.4816623489
TKM,2018,6125.05169712085
TKM,2019,6648.0348960628
TLS,2010,813.060177250597
TLS,2011,939.045241112693
TLS,2012,1022.61903188429
TLS,2013,1204.56841532931
TLS,2014,1224.74957758801
TLS,2015,1319.59297370991
TLS,2016,1335.54390089814
TLS,2017,1266.17767952941
TLS,2018,1219.46599728983
TLS,2019,1562.36458068032
TON,2010,3416.08356601207
TON,2011,3849.99375750134
TON,2012,4384.17058724217
TON,2013,4219.24670113014
TON,2014,4136.59010898445
TON,2015,4123.90347238813
TON,2016,3987.98618837043
TON,2017,4365.92929788648
TON,2018,4638.8978542585
TON,2019,4676.84802517145
TTO,2010,16815.424737361
TTO,2011,19151.0870229722
TTO,2012,20332.1389531925
TTO,2013,21304.9776454565
TTO,2014,21908.3017802988
TTO,2015,19887.2337359338
TTO,2016,17449.1623528186
TTO,2017,17578.6417765865
TTO,2018,17575.8042838042
TTO,2019,17293.4730123427
TUN,2010,4291.86120891575
TUN,2011,4420.64772206537
TUN,2012,4297.26782454273
TUN,2013,4369.79345826358
TUN,2014,4458.97895464547
TUN,2015,4014.94773686432
TUN,2016,3847.80354448809
TUN,2017,3619.03247319953
TUN,2018,3628.10366464236
TUN,2019,3528.87213306798
TUR,2010,10622.7020439723
TUR,2011,11300.7852215681
TUR,2012,11713.2849831139
TUR,2013,12578.1878632
TUR,2014,12165.220135038
TUR,2015,11049.9951100942
TUR,2016,10970.0458948862
TUR,2017,10695.550196231
TUR,2018,9568.83506330228
TUR,2019,9215.44049888114
TUV,2010,3024.8170790571
TUV,2011,3636.08139989792
TUV,2012,3598.46163091053
TUV,2013,3510.21640142483
TUV,2014,3528.85858102782
TUV,2015,3357.83417700071
TUV,2016,3808.69755015909
TUV,2017,4165.66338700106
TUV,2018,4466.12034928245
TUV,2019,5115.13075950206
TZA,2010,736.530151367188
TZA,2011,775.392761230469
TZA,2012,861.969909667969
TZA,2013,963.05712890625
TZA,2014,1022.74841308594
TZA,2015,939.127319335938
TZA,2016,953.0107421875
TZA,2017,986.674011230469
TZA,2018,1023.10626220703
TZA,2019,1063.32250976563
UGA,2010,823.488144282
UGA,2011,835.620060555838
UGA,2012,795.222867553127
UGA,2013,818.285427416713
UGA,2014,896.054795546394
UGA,2015,862.934610355811
UGA,2016,752.696571725656
UGA,2017,765.218332297361
UGA,2018,792.16570022814
UGA,2019,822.171150141651
UKR,2010,3039.63232421875
UKR,2011,3656.69799804688
UKR,2012,3951.34228515625
UKR,2013,4129.89697265625
UKR,2014,3054.908203125
UKR,2015,2094.47387695313
UKR,2016,2158.46118164063
UKR,2017,2604.28759765625
UKR,2018,3059.0517578125
UKR,2019,3619.86157226563
URY,2010,12641.0576849008
URY,2011,15132.2675725587
URY,2012,16259.5940814256
URY,2013,18335.2594772322
URY,2014,18322.4276767157
URY,2015,17125.9016800298
URY,2016,17009.7584207276
URY,2017,19184.6502617082
URY,2018,19249.9404677501
URY,2019,18315.7316980028
USA,2010,48642.6312088213
USA,2011,50024.8812320773
USA,2012,51708.3940614082
USA,2013,53297.3862901595
USA,2014,55153.3940182967
USA,2015,56849.4697923159
USA,2016,57976.628204291
USA,2017,60047.7190728307
USA,2018,62875.6661382728
USA,2019,65227.9565911038
UZB,2010,1753.20730243278
UZB,2011,2087.86386135694
UZB,2012,2307.34649117185
UZB,2013,2461.97947403595
UZB,2014,2674.9628382103
UZB,2015,2803.19018021751
UZB,2016,2753.37951427589
UZB,2017,2190.60411562888
UZB,2018,1813.08530813664
UZB,2019,2041.38480729431
VCT,2010,6551.96835992405
VCT,2011,6527.68996854448
VCT,2012,6713.80768643865
VCT,2013,7072.46737188939
VCT,2014,7168.82875342911
VCT,2015,7353.73556054184
VCT,2016,7656.90042881178
VCT,2017,7988.04445019298
VCT,2018,8428.12677153069
VCT,2019,8740.59425232061
VEN,2010,13646.3046622664
VEN,2011,10843.9229703167
VEN,2012,12901.4171582274
VEN,2013,12403.1466957582
VEN,2014,15943.6127197163
VIR,2010,39905.1284180994
VIR,2011,38997.1373164651
VIR,2012,37795.3192590675
VIR,2013,34597.9766940328
VIR,2014,33045.3643795999
VIR,2015,34007.3529411765
VIR,2016,35324.9748874586
VIR,2017,35365.0693039774
VIR,2018,36663.2087550584
VIR,2019,38633.5298915336
VNM,2010,1683.16182443979
VNM,2011,1950.92504174913
VNM,2012,2185.11767654291
VNM,2013,2359.51736472828
VNM,2014,2546.38464459903
VNM,2015,2577.56885340113
VNM,2016,2735.0604380416
VNM,2017,2956.10992127753
VNM,2018,3222.31003125366
VNM,2019,3440.90025375434
VUT,2010,2815.18828985779
VUT,2011,3163.1861645138
VUT,2012,3004.78416664293
VUT,2013,2979.79608084399
VUT,2014,2973.09026493408
VUT,2015,2854.89412272653
VUT,2016,2956.12644801489
VUT,2017,3159.86055790126
VUT,2018,3206.65748718811
VUT,2019,3207.44650452083
WSM,2010,3524.2479246203
WSM,2011,3821.50678264479
WSM,2012,3934.60320799981
WSM,2013,4023.5254013825
WSM,2014,3982.68080202084
WSM,2015,4084.36083819933
WSM,2016,4147.07097674888
WSM,2017,4307.59381964907
WSM,2018,4231.81409469194
WSM,2019,4351.94234943706
XKX,2010,2987.54519574464
XKX,2011,3538.94759838576
XKX,2012,3410.65550749316
XKX,2013,3704.55872781672
XKX,2014,3902.49424360946
XKX,2015,3520.62850699375
XKX,2016,3759.44959067104
XKX,2017,4009.31799347588
XKX,2018,4384.18624084947
XKX,2019,4415.99716107514
YEM,2010,1155.20305261418
YEM,2011,1186.47500580876
YEM,2012,1245.05068271586
YEM,2013,1378.75002954611
YEM,2014,1430.1642096418
YEM,2015,1362.17381205593
YEM,2016,975.359417003225
YEM,2017,811.165970405745
YEM,2018,633.887202450998
YEM,2019,623.376168144679
ZAF,2010,7973.47195771517
ZAF,2011,8646.05571071635
ZAF,2012,8076.97678479741
ZAF,2013,7331.65467384919
ZAF,2014,6856.73137092522
ZAF,2015,6112.27382485974
ZAF,2016,5651.20585165749
ZAF,2017,6618.33508255701
ZAF,2018,6914.1780318076
ZAF,2019,6533.71121032856
ZMB,2010,1451.10616017155
ZMB,2011,1624.86817763443
ZMB,2012,1710.05061343728
ZMB,2013,1820.71854827391
ZMB,2014,1707.48573136694
ZMB,2015,1295.87788680068
ZMB,2016,1239.08527877713
ZMB,2017,1483.46577328065
ZMB,2018,1463.89997855593
ZMB,2019,1258.98619844462
ZWE,2010,901.55051752819
ZWE,2011,1037.24613741902
ZWE,2012,1238.59479481433
ZWE,2013,1362.29952932396
ZWE,2014,1372.21474610373
ZWE,2015,1386.41855927575
ZWE,2016,1407.42096413212
ZWE,2017,3448.08699068824
ZWE,2018,2271.85250365817
ZWE,2019,1683.91313584141
