iso3,year,phys_inactive_pct
AFG,2010,26.4
AFG,2011,26.9
AFG,2012,27.4
AFG,2013,27.9
AFG,2014,28.5
AFG,2015,29.1
AFG,2016,29.7
AFG,2017,30.3
AFG,2018,30.9
AFG,2019,31.5
AGO,2010,19.5
AGO,2011,19.2
AGO,2012,19.0
AGO,2013,18.7
AGO,2014,18.5
AGO,2015,18.3
AGO,2016,18.1
AGO,2017,17.9
AGO,2018,17.8
AGO,2019,17.6
ALB,2010,21.2
ALB,2011,21.4
ALB,2012,21.6
ALB,2013,21.8
ALB,2014,22.0
ALB,2015,22.2
ALB,2016,22.5
ALB,2017,22.7
ALB,2018,23.0
ALB,2019,23.3
AND,2010,31.8
AND,2011,31.4
AND,2012,30.9
AND,2013,30.5
AND,2014,30.1
AND,2015,29.6
AND,2016,29.2
AND,2017,28.8
AND,2018,28.5
AND,2019,28.1
ARE,2010,56.9
ARE,2011,57.7
ARE,2012,58.5
ARE,2013,59.3
ARE,2014,60.1
ARE,2015,60.9
ARE,2016,61.7
ARE,2017,62.5
ARE,2018,63.2
ARE,2019,63.9
ARG,2010,35.5
ARG,2011,35.7
ARG,2012,35.9
ARG,2013,36.1
ARG,2014,36.3
ARG,2015,36.6
ARG,2016,36.8
ARG,2017,37.1
ARG,2018,37.4
ARG,2019,37.6
ARM,2010,24.3
ARM,2011,24.4
ARM,2012,24.6
ARM,2013,24.7
ARM,2014,24.9
ARM,2015,25.1
ARM,2016,25.3
ARM,2017,25.5
ARM,2018,25.7
ARM,2019,25.9
ATG,2010,33.5
ATG,2011,33.9
ATG,2012,34.2
ATG,2013,34.6
ATG,2014,35.0
ATG,2015,35.3
ATG,2016,35.7
ATG,2017,36.1
ATG,2018,36.5
ATG,2019,36.9
AUS,2010,26.2
AUS,2011,26.2
AUS,2012,26.1
AUS,2013,26.0
AUS,2014,25.9
AUS,2015,25.8
AUS,2016,25.8
AUS,2017,25.7
AUS,2018,25.6
AUS,2019,25.6
AUT,2010,26.8
AUT,2011,26.2
AUT,2012,25.5
AUT,2013,24.9
AUT,2014,24.2
AUT,2015,23.6
AUT,2016,23.0
AUT,2017,22.4
AUT,2018,21.9
AUT,2019,21.3
AZE,2010,22.5
AZE,2011,22.6
AZE,2012,22.6
AZE,2013,22.7
AZE,2014,22.8
AZE,2015,22.9
AZE,2016,23.1
AZE,2017,23.2
AZE,2018,23.3
AZE,2019,23.5
BDI,2010,15.4
BDI,2011,15.2
BDI,2012,15.0
BDI,2013,14.9
BDI,2014,14.7
BDI,2015,14.6
BDI,2016,14.5
BDI,2017,14.4
BDI,2018,14.4
BDI,2019,14.3
BEL,2010,37.0
BEL,2011,35.9
BEL,2012,34.8
BEL,2013,33.8
BEL,2014,32.8
BEL,2015,31.8
BEL,2016,30.8
BEL,2017,29.9
BEL,2018,28.9
BEL,2019,28.0
BEN,2010,17.1
BEN,2011,17.1
BEN,2012,17.1
BEN,2013,17.1
BEN,2014,17.1
BEN,2015,17.2
BEN,2016,17.3
BEN,2017,17.3
BEN,2018,17.4
BEN,2019,17.6
BFA,2010,16.5
BFA,2011,16.5
BFA,2012,16.5
BFA,2013,16.5
BFA,2014,16.5
BFA,2015,16.5
BFA,2016,16.5
BFA,2017,16.6
BFA,2018,16.6
BFA,2019,16.7
BGD,2010,20.8
BGD,2011,20.7
BGD,2012,20.6
BGD,2013,20.6
BGD,2014,20.5
BGD,2015,20.5
BGD,2016,20.4
BGD,2017,20.4
BGD,2018,20.4
BGD,2019,20.3
BGR,2010,25.1
BGR,2011,25.7
BGR,2012,26.2
BGR,2013,26.8
BGR,2014,27.4
BGR,2015,28.0
BGR,2016,28.5
BGR,2017,29.1
BGR,2018,29.7
BGR,2019,30.4
BHR,2010,34.8
BHR,2011,35.1
BHR,2012,35.4
BHR,2013,35.7
BHR,2014,36.0
BHR,2015,36.3
BHR,2016,36.7
BHR,2017,37.0
BHR,2018,37.3
BHR,2019,37.6
BHS,2010,37.6
BHS,2011,37.6
BHS,2012,37.5
BHS,2013,37.5
BHS,2014,37.4
BHS,2015,37.4
BHS,2016,37.4
BHS,2017,37.3
BHS,2018,37.3
BHS,2019,37.3
BIH,2010,17.1
BIH,2011,17.4
BIH,2012,17.6
BIH,2013,17.9
BIH,2014,18.2
BIH,2015,18.5
BIH,2016,18.8
BIH,2017,19.2
BIH,2018,19.5
BIH,2019,19.9
BLR,2010,16.3
BLR,2011,16.1
BLR,2012,15.9
BLR,2013,15.7
BLR,2014,15.4
BLR,2015,15.2
BLR,2016,15.0
BLR,2017,14.8
BLR,2018,14.6
BLR,2019,14.5
BLZ,2010,36.7
BLZ,2011,37.1
BLZ,2012,37.5
BLZ,2013,37.8
BLZ,2014,38.2
BLZ,2015,38.6
BLZ,2016,39.0
BLZ,2017,39.4
BLZ,2018,39.9
BLZ,2019,40.3
BOL,2010,21.9
BOL,2011,21.9
BOL,2012,21.9
BOL,2013,21.9
BOL,2014,21.9
BOL,2015,22.0
BOL,2016,22.0
BOL,2017,22.1
BOL,2018,22.2
BOL,2019,22.2
BRA,2010,35.0
BRA,2011,35.4
BRA,2012,35.9
BRA,2013,36.3
BRA,2014,36.7
BRA,2015,37.2
BRA,2016,37.6
BRA,2017,38.1
BRA,2018,38.6
BRA,2019,39.0
BRB,2010,39.1
BRB,2011,39.5
BRB,2012,39.9
BRB,2013,40.3
BRB,2014,40.7
BRB,2015,41.1
BRB,2016,41.5
BRB,2017,42.0
BRB,2018,42.4
BRB,2019,42.8
BRN,2010,28.9
BRN,2011,29.2
BRN,2012,29.5
BRN,2013,29.7
BRN,2014,30.0
BRN,2015,30.3
BRN,2016,30.6
BRN,2017,30.9
BRN,2018,31.2
BRN,2019,31.6
BTN,2010,10.7
BTN,2011,10.5
BTN,2012,10.4
BTN,2013,10.3
BTN,2014,10.2
BTN,2015,10.1
BTN,2016,10.1
BTN,2017,10.0
BTN,2018,10.0
BTN,2019,10.0
BWA,2010,25.6
BWA,2011,25.3
BWA,2012,24.9
BWA,2013,24.6
BWA,2014,24.3
BWA,2015,24.0
BWA,2016,23.7
BWA,2017,23.4
BWA,2018,23.1
BWA,2019,22.9
CAF,2010,17.7
CAF,2011,17.5
CAF,2012,17.3
CAF,2013,17.2
CAF,2014,17.0
CAF,2015,16.9
CAF,2016,16.8
CAF,2017,16.7
CAF,2018,16.6
CAF,2019,16.6
CAN,2010,31.1
CAN,2011,31.6
CAN,2012,32.1
CAN,2013,32.6
CAN,2014,33.1
CAN,2015,33.5
CAN,2016,34.1
CAN,2017,34.6
CAN,2018,35.1
CAN,2019,35.6
CHE,2010,23.8
CHE,2011,23.3
CHE,2012,22.8
CHE,2013,22.3
CHE,2014,21.9
CHE,2015,21.4
CHE,2016,21.0
CHE,2017,20.7
CHE,2018,20.3
CHE,2019,20.0
CHL,2010,29.1
CHL,2011,29.8
CHL,2012,30.5
CHL,2013,31.2
CHL,2014,31.9
CHL,2015,32.7
CHL,2016,33.4
CHL,2017,34.2
CHL,2018,35.0
CHL,2019,35.8
CHN,2010,21.1
CHN,2011,21.3
CHN,2012,21.5
CHN,2013,21.7
CHN,2014,21.9
CHN,2015,22.1
CHN,2016,22.3
CHN,2017,22.5
CHN,2018,22.8
CHN,2019,23.0
CIV,2010,22.3
CIV,2011,22.0
CIV,2012,21.7
CIV,2013,21.4
CIV,2014,21.1
CIV,2015,20.8
CIV,2016,20.6
CIV,2017,20.4
CIV,2018,20.2
CIV,2019,20.1
CMR,2010,21.6
CMR,2011,21.3
CMR,2012,21.0
CMR,2013,20.7
CMR,2014,20.4
CMR,2015,20.1
CMR,2016,19.9
CMR,2017,19.7
CMR,2018,19.5
CMR,2019,19.3
COD,2010,16.4
COD,2011,16.2
COD,2012,16.0
COD,2013,15.8
COD,2014,15.6
COD,2015,15.5
COD,2016,15.3
COD,2017,15.2
COD,2018,15.1
COD,2019,15.0
COG,2010,18.8
COG,2011,18.5
COG,2012,18.1
COG,2013,17.9
COG,2014,17.6
COG,2015,17.3
COG,2016,17.1
COG,2017,16.8
COG,2018,16.6
COG,2019,16.4
COK,2010,41.5
COK,2011,40.0
COK,2012,38.5
COK,2013,37.0
COK,2014,35.6
COK,2015,34.2
COK,2016,32.8
COK,2017,31.5
COK,2018,30.2
COK,2019,29.0
COL,2010,29.7
COL,2011,30.1
COL,2012,30.5
COL,2013,30.9
COL,2014,31.3
COL,2015,31.7
COL,2016,32.1
COL,2017,32.4
COL,2018,32.8
COL,2019,33.2
COM,2010,12.3
COM,2011,12.6
COM,2012,13.0
COM,2013,13.3
COM,2014,13.7
COM,2015,14.0
COM,2016,14.5
COM,2017,14.9
COM,2018,15.3
COM,2019,15.7
CPV,2010,25.9
CPV,2011,26.3
CPV,2012,26.6
CPV,2013,27.0
CPV,2014,27.4
CPV,2015,27.9
CPV,2016,28.3
CPV,2017,28.8
CPV,2018,29.2
CPV,2019,29.7
CRI,2010,45.5
CRI,2011,45.8
CRI,2012,46.2
CRI,2013,46.6
CRI,2014,46.9
CRI,2015,47.3
CRI,2016,47.6
CRI,2017,48.0
CRI,2018,48.3
CRI,2019,48.6
CUB,2010,45.6
CUB,2011,46.9
CUB,2012,48.2
CUB,2013,49.5
CUB,2014,50.9
CUB,2015,52.2
CUB,2016,53.5
CUB,2017,54.8
CUB,2018,56.1
CUB,2019,57.3
CYP,2010,42.3
CYP,2011,42.1
CYP,2012,42.0
CYP,2013,41.9
CYP,2014,41.7
CYP,2015,41.6
CYP,2016,41.5
CYP,2017,41.3
CYP,2018,41.2
CYP,2019,41.1
CZE,2010,23.2
CZE,2011,23.2
CZE,2012,23.2
CZE,2013,23.2
CZE,2014,23.2
CZE,2015,23.2
CZE,2016,23.2
CZE,2017,23.2
CZE,2018,23.2
CZE,2019,23.2
DEU,2010,16.6
DEU,2011,16.1
DEU,2012,15.7
DEU,2013,15.3
DEU,2014,14.9
DEU,2015,14.5
DEU,2016,14.1
DEU,2017,13.7
DEU,2018,13.3
DEU,2019,13.0
DJI,2010,18.1
DJI,2011,17.9
DJI,2012,17.7
DJI,2013,17.5
DJI,2014,17.4
DJI,2015,17.3
DJI,2016,17.2
DJI,2017,17.1
DJI,2018,17.1
DJI,2019,17.0
DMA,2010,24.0
DMA,2011,24.4
DMA,2012,24.9
DMA,2013,25.4
DMA,2014,26.0
DMA,2015,26.5
DMA,2016,27.0
DMA,2017,27.6
DMA,2018,28.2
DMA,2019,28.7
DNK,2010,19.3
DNK,2011,18.6
DNK,2012,17.9
DNK,2013,17.2
DNK,2014,16.5
DNK,2015,15.9
DNK,2016,15.3
DNK,2017,14.7
DNK,2018,14.2
DNK,2019,13.6
DOM,2010,31.6
DOM,2011,32.0
DOM,2012,32.5
DOM,2013,32.9
DOM,2014,33.3
DOM,2015,33.8
DOM,2016,34.2
DOM,2017,34.7
DOM,2018,35.1
DOM,2019,35.6
DZA,2010,25.8
DZA,2011,26.0
DZA,2012,26.2
DZA,2013,26.5
DZA,2014,26.7
DZA,2015,27.0
DZA,2016,27.3
DZA,2017,27.6
DZA,2018,27.9
DZA,2019,28.1
ECU,2010,21.6
ECU,2011,21.6
ECU,2012,21.7
ECU,2013,21.7
ECU,2014,21.8
ECU,2015,21.9
ECU,2016,22.0
ECU,2017,22.1
ECU,2018,22.2
ECU,2019,22.3
EGY,2010,32.0
EGY,2011,32.2
EGY,2012,32.3
EGY,2013,32.4
EGY,2014,32.6
EGY,2015,32.7
EGY,2016,32.9
EGY,2017,33.1
EGY,2018,33.2
EGY,2019,33.3
ERI,2010,12.3
ERI,2011,12.2
ERI,2012,12.1
ERI,2013,12.0
ERI,2014,11.9
ERI,2015,11.8
ERI,2016,11.8
ERI,2017,11.7
ERI,2018,11.7
ERI,2019,11.7
ESP,2010,32.6
ESP,2011,31.6
ESP,2012,30.7
ESP,2013,29.7
ESP,2014,28.8
ESP,2015,27.9
ESP,2016,26.9
ESP,2017,26.0
ESP,2018,25.1
ESP,2019,24.3
EST,2010,14.2
EST,2011,14.3
EST,2012,14.4
EST,2013,14.6
EST,2014,14.7
EST,2015,14.9
EST,2016,15.0
EST,2017,15.2
EST,2018,15.3
EST,2019,15.5
ETH,2010,11.4
ETH,2011,11.2
ETH,2012,11.0
ETH,2013,10.8
ETH,2014,10.6
ETH,2015,10.4
ETH,2016,10.2
ETH,2017,10.0
ETH,2018,9.9
ETH,2019,9.8
FIN,2010,17.8
FIN,2011,16.9
FIN,2012,16.1
FIN,2013,15.3
FIN,2014,14.5
FIN,2015,13.8
FIN,2016,13.1
FIN,2017,12.4
FIN,2018,11.8
FIN,2019,11.2
FJI,2010,19.0
FJI,2011,18.6
FJI,2012,18.2
FJI,2013,17.9
FJI,2014,17.5
FJI,2015,17.2
FJI,2016,16.9
FJI,2017,16.6
FJI,2018,16.4
FJI,2019,16.1
FRA,2010,32.1
FRA,2011,31.3
FRA,2012,30.5
FRA,2013,29.7
FRA,2014,29.0
FRA,2015,28.2
FRA,2016,27.4
FRA,2017,26.7
FRA,2018,25.9
FRA,2019,25.2
FSM,2010,36.9
FSM,2011,36.1
FSM,2012,35.4
FSM,2013,34.8
FSM,2014,34.1
FSM,2015,33.4
FSM,2016,32.8
FSM,2017,32.1
FSM,2018,31.5
FSM,2019,31.0
GAB,2010,23.0
GAB,2011,22.8
GAB,2012,22.5
GAB,2013,22.2
GAB,2014,22.0
GAB,2015,21.8
GAB,2016,21.6
GAB,2017,21.4
GAB,2018,21.3
GAB,2019,21.1
GBR,2010,29.0
GBR,2011,28.1
GBR,2012,27.2
GBR,2013,26.3
GBR,2014,25.4
GBR,2015,24.5
GBR,2016,23.7
GBR,2017,22.8
GBR,2018,22.0
GBR,2019,21.2
GEO,2010,18.7
GEO,2011,19.1
GEO,2012,19.5
GEO,2013,20.0
GEO,2014,20.4
GEO,2015,20.8
GEO,2016,21.3
GEO,2017,21.7
GEO,2018,22.2
GEO,2019,22.6
GHA,2010,19.0
GHA,2011,19.1
GHA,2012,19.2
GHA,2013,19.3
GHA,2014,19.5
GHA,2015,19.6
GHA,2016,19.8
GHA,2017,20.0
GHA,2018,20.2
GHA,2019,20.4
GIN,2010,18.0
GIN,2011,17.8
GIN,2012,17.6
GIN,2013,17.4
GIN,2014,17.3
GIN,2015,17.1
GIN,2016,17.0
GIN,2017,16.9
GIN,2018,16.8
GIN,2019,16.8
GMB,2010,21.9
GMB,2011,21.8
GMB,2012,21.6
GMB,2013,21.5
GMB,2014,21.4
GMB,2015,21.3
GMB,2016,21.2
GMB,2017,21.2
GMB,2018,21.1
GMB,2019,21.1
GNB,2010,19.3
GNB,2011,19.1
GNB,2012,18.8
GNB,2013,18.6
GNB,2014,18.4
GNB,2015,18.3
GNB,2016,18.1
GNB,2017,18.0
GNB,2018,17.9
GNB,2019,17.8
GNQ,2010,21.8
GNQ,2011,21.6
GNQ,2012,21.3
GNQ,2013,21.0
GNQ,2014,20.8
GNQ,2015,20.5
GNQ,2016,20.3
GNQ,2017,20.2
GNQ,2018,20.0
GNQ,2019,19.8
GRC,2010,32.0
GRC,2011,32.3
GRC,2012,32.5
GRC,2013,32.8
GRC,2014,33.0
GRC,2015,33.3
GRC,2016,33.6
GRC,2017,33.8
GRC,2018,34.1
GRC,2019,34.4
GRD,2010,30.8
GRD,2011,31.2
GRD,2012,31.5
GRD,2013,31.9
GRD,2014,32.3
GRD,2015,32.8
GRD,2016,33.2
GRD,2017,33.6
GRD,2018,34.1
GRD,2019,34.5
GTM,2010,20.0
GTM,2011,21.2
GTM,2012,22.4
GTM,2013,23.7
GTM,2014,25.1
GTM,2015,26.5
GTM,2016,27.9
GTM,2017,29.3
GTM,2018,30.8
GTM,2019,32.2
GUY,2010,29.8
GUY,2011,30.2
GUY,2012,30.6
GUY,2013,31.0
GUY,2014,31.4
GUY,2015,31.9
GUY,2016,32.4
GUY,2017,32.8
GUY,2018,33.2
GUY,2019,33.6
HND,2010,31.6
HND,2011,32.0
HND,2012,32.4
HND,2013,32.9
HND,2014,33.3
HND,2015,33.7
HND,2016,34.2
HND,2017,34.6
HND,2018,35.0
HND,2019,35.4
HRV,2010,18.6
HRV,2011,19.3
HRV,2012,20.0
HRV,2013,20.7
HRV,2014,21.5
HRV,2015,22.3
HRV,2016,23.1
HRV,2017,24.0
HRV,2018,24.8
HRV,2019,25.7
HTI,2010,24.4
HTI,2011,24.7
HTI,2012,25.0
HTI,2013,25.2
HTI,2014,25.5
HTI,2015,25.8
HTI,2016,26.2
HTI,2017,26.5
HTI,2018,26.8
HTI,2019,27.2
HUN,2010,22.6
HUN,2011,23.1
HUN,2012,23.6
HUN,2013,24.2
HUN,2014,24.7
HUN,2015,25.2
HUN,2016,25.8
HUN,2017,26.4
HUN,2018,27.0
HUN,2019,27.6
IDN,2010,16.3
IDN,2011,16.4
IDN,2012,16.6
IDN,2013,16.8
IDN,2014,17.0
IDN,2015,17.2
IDN,2016,17.4
IDN,2017,17.7
IDN,2018,17.9
IDN,2019,18.2
IND,2010,33.7
IND,2011,35.0
IND,2012,36.2
IND,2013,37.5
IND,2014,38.8
IND,2015,40.1
IND,2016,41.4
IND,2017,42.8
IND,2018,44.1
IND,2019,45.4
IRL,2010,31.3
IRL,2011,30.4
IRL,2012,29.6
IRL,2013,28.8
IRL,2014,27.9
IRL,2015,27.1
IRL,2016,26.3
IRL,2017,25.6
IRL,2018,24.8
IRL,2019,24.0
IRN,2010,36.8
IRN,2011,37.6
IRN,2012,38.3
IRN,2013,39.1
IRN,2014,39.9
IRN,2015,40.7
IRN,2016,41.6
IRN,2017,42.4
IRN,2018,43.2
IRN,2019,44.0
IRQ,2010,46.2
IRQ,2011,46.8
IRQ,2012,47.3
IRQ,2013,47.8
IRQ,2014,48.3
IRQ,2015,48.8
IRQ,2016,49.3
IRQ,2017,49.8
IRQ,2018,50.3
IRQ,2019,50.7
ISL,2010,29.3
ISL,2011,29.0
ISL,2012,28.6
ISL,2013,28.3
ISL,2014,28.0
ISL,2015,27.7
ISL,2016,27.4
ISL,2017,27.1
ISL,2018,26.8
ISL,2019,26.5
ISR,2010,31.0
ISR,2011,30.6
ISR,2012,30.1
ISR,2013,29.7
ISR,2014,29.3
ISR,2015,28.9
ISR,2016,28.5
ISR,2017,28.1
ISR,2018,27.8
ISR,2019,27.5
ITA,2010,42.5
ITA,2011,42.3
ITA,2012,42.1
ITA,2013,41.8
ITA,2014,41.6
ITA,2015,41.4
ITA,2016,41.2
ITA,2017,41.0
ITA,2018,40.8
ITA,2019,40.6
JAM,2010,32.7
JAM,2011,33.2
JAM,2012,33.7
JAM,2013,34.2
JAM,2014,34.6
JAM,2015,35.1
JAM,2016,35.6
JAM,2017,36.1
JAM,2018,36.6
JAM,2019,37.1
JOR,2010,27.6
JOR,2011,27.7
JOR,2012,27.7
JOR,2013,27.8
JOR,2014,27.9
JOR,2015,27.9
JOR,2016,28.0
JOR,2017,28.1
JOR,2018,28.1
JOR,2019,28.1
JPN,2010,35.8
JPN,2011,36.5
JPN,2012,37.1
JPN,2013,37.8
JPN,2014,38.5
JPN,2015,39.3
JPN,2016,40.0
JPN,2017,40.8
JPN,2018,41.5
JPN,2019,42.3
KAZ,2010,21.7
KAZ,2011,22.2
KAZ,2012,22.7
KAZ,2013,23.2
KAZ,2014,23.7
KAZ,2015,24.3
KAZ,2016,24.8
KAZ,2017,25.4
KAZ,2018,25.9
KAZ,2019,26.5
KEN,2010,10.8
KEN,2011,10.6
KEN,2012,10.4
KEN,2013,10.2
KEN,2014,10.0
KEN,2015,9.8
KEN,2016,9.7
KEN,2017,9.5
KEN,2018,9.4
KEN,2019,9.2
KGZ,2010,17.7
KGZ,2011,17.8
KGZ,2012,17.9
KGZ,2013,18.1
KGZ,2014,18.3
KGZ,2015,18.4
KGZ,2016,18.6
KGZ,2017,18.8
KGZ,2018,19.0
KGZ,2019,19.2
KHM,2010,13.3
KHM,2011,13.2
KHM,2012,13.2
KHM,2013,13.2
KHM,2014,13.2
KHM,2015,13.1
KHM,2016,13.1
KHM,2017,13.2
KHM,2018,13.2
KHM,2019,13.2
KIR,2010,37.4
KIR,2011,36.8
KIR,2012,36.3
KIR,2013,35.8
KIR,2014,35.4
KIR,2015,34.9
KIR,2016,34.4
KIR,2017,34.0
KIR,2018,33.6
KIR,2019,33.1
KNA,2010,36.5
KNA,2011,36.9
KNA,2012,37.4
KNA,2013,37.8
KNA,2014,38.2
KNA,2015,38.6
KNA,2016,39.1
KNA,2017,39.5
KNA,2018,40.0
KNA,2019,40.4
KOR,2010,39.8
KOR,2011,41.2
KOR,2012,42.6
KOR,2013,44.0
KOR,2014,45.5
KOR,2015,47.0
KOR,2016,48.6
KOR,2017,50.1
KOR,2018,51.7
KOR,2019,53.3
KWT,2010,62.0
KWT,2011,62.2
KWT,2012,62.4
KWT,2013,62.6
KWT,2014,62.7
KWT,2015,62.8
KWT,2016,62.9
KWT,2017,63.0
KWT,2018,63.1
KWT,2019,63.1
LAO,2010,15.7
LAO,2011,15.7
LAO,2012,15.6
LAO,2013,15.6
LAO,2014,15.6
LAO,2015,15.6
LAO,2016,15.6
LAO,2017,15.6
LAO,2018,15.6
LAO,2019,15.7
LBN,2010,46.0
LBN,2011,47.1
LBN,2012,48.2
LBN,2013,49.3
LBN,2014,50.4
LBN,2015,51.5
LBN,2016,52.5
LBN,2017,53.6
LBN,2018,54.6
LBN,2019,55.6
LBR,2010,23.1
LBR,2011,22.2
LBR,2012,21.4
LBR,2013,20.5
LBR,2014,19.7
LBR,2015,18.9
LBR,2016,18.2
LBR,2017,17.5
LBR,2018,16.8
LBR,2019,16.2
LBY,2010,39.4
LBY,2011,39.9
LBY,2012,40.4
LBY,2013,41.0
LBY,2014,41.5
LBY,2015,42.0
LBY,2016,42.6
LBY,2017,43.1
LBY,2018,43.6
LBY,2019,44.1
LCA,2010,22.7
LCA,2011,22.5
LCA,2012,22.3
LCA,2013,22.1
LCA,2014,21.9
LCA,2015,21.8
LCA,2016,21.6
LCA,2017,21.5
LCA,2018,21.3
LCA,2019,21.2
LKA,2010,26.0
LKA,2011,26.8
LKA,2012,27.7
LKA,2013,28.6
LKA,2014,29.5
LKA,2015,30.4
LKA,2016,31.4
LKA,2017,32.3
LKA,2018,33.3
LKA,2019,34.2
LSO,2010,9.8
LSO,2011,9.6
LSO,2012,9.3
LSO,2013,9.1
LSO,2014,8.9
LSO,2015,8.7
LSO,2016,8.6
LSO,2017,8.4
LSO,2018,8.3
LSO,2019,8.2
LTU,2010,22.3
LTU,2011,22.1
LTU,2012,21.9
LTU,2013,21.7
LTU,2014,21.5
LTU,2015,21.3
LTU,2016,21.2
LTU,2017,21.0
LTU,2018,20.8
LTU,2019,20.7
LUX,2010,20.9
LUX,2011,20.2
LUX,2012,19.6
LUX,2013,18.9
LUX,2014,18.3
LUX,2015,17.7
LUX,2016,17.1
LUX,2017,16.5
LUX,2018,15.9
LUX,2019,15.4
LVA,2010,17.8
LVA,2011,17.5
LVA,2012,17.1
LVA,2013,16.8
LVA,2014,16.5
LVA,2015,16.3
LVA,2016,16.0
LVA,2017,15.7
LVA,2018,15.4
LVA,2019,15.2
MAR,2010,22.6
MAR,2011,22.7
MAR,2012,22.8
MAR,2013,23.0
MAR,2014,23.1
MAR,2015,23.3
MAR,2016,23.4
MAR,2017,23.6
MAR,2018,23.8
MAR,2019,23.9
MDA,2010,13.3
MDA,2011,13.1
MDA,2012,12.8
MDA,2013,12.6
MDA,2014,12.4
MDA,2015,12.1
MDA,2016,11.9
MDA,2017,11.7
MDA,2018,11.5
MDA,2019,11.3
MDG,2010,14.3
MDG,2011,14.2
MDG,2012,14.0
MDG,2013,13.9
MDG,2014,13.8
MDG,2015,13.7
MDG,2016,13.6
MDG,2017,13.6
MDG,2018,13.6
MDG,2019,13.5
MDV,2010,24.5
MDV,2011,24.4
MDV,2012,24.4
MDV,2013,24.3
MDV,2014,24.3
MDV,2015,24.3
MDV,2016,24.3
MDV,2017,24.4
MDV,2018,24.4
MDV,2019,24.4
MEX,2010,24.8
MEX,2011,25.0
MEX,2012,25.3
MEX,2013,25.6
MEX,2014,25.8
MEX,2015,26.1
MEX,2016,26.4
MEX,2017,26.6
MEX,2018,26.9
MEX,2019,27.2
MHL,2010,31.9
MHL,2011,31.1
MHL,2012,30.4
MHL,2013,29.7
MHL,2014,29.0
MHL,2015,28.3
MHL,2016,27.7
MHL,2017,27.0
MHL,2018,26.5
MHL,2019,25.9
MKD,2010,23.3
MKD,2011,23.4
MKD,2012,23.6
MKD,2013,23.8
MKD,2014,24.0
MKD,2015,24.2
MKD,2016,24.5
MKD,2017,24.7
MKD,2018,25.0
MKD,2019,25.2
MLI,2010,33.9
MLI,2011,33.5
MLI,2012,33.1
MLI,2013,32.6
MLI,2014,32.2
MLI,2015,31.9
MLI,2016,31.5
MLI,2017,31.2
MLI,2018,30.9
MLI,2019,30.6
MLT,2010,49.2
MLT,2011,48.5
MLT,2012,47.7
MLT,2013,47.0
MLT,2014,46.3
MLT,2015,45.5
MLT,2016,44.8
MLT,2017,44.1
MLT,2018,43.4
MLT,2019,42.7
MMR,2010,21.5
MMR,2011,21.5
MMR,2012,21.5
MMR,2013,21.5
MMR,2014,21.5
MMR,2015,21.5
MMR,2016,21.6
MMR,2017,21.6
MMR,2018,21.7
MMR,2019,21.7
MNE,2010,20.5
MNE,2011,20.6
MNE,2012,20.7
MNE,2013,20.9
MNE,2014,21.0
MNE,2015,21.2
MNE,2016,21.4
MNE,2017,21.6
MNE,2018,21.8
MNE,2019,22.0
MNG,2010,14.4
MNG,2011,15.3
MNG,2012,16.2
MNG,2013,17.2
MNG,2014,18.2
MNG,2015,19.2
MNG,2016,20.3
MNG,2017,21.4
MNG,2018,22.6
MNG,2019,23.7
MOZ,2010,7.9
MOZ,2011,8.0
MOZ,2012,8.1
MOZ,2013,8.2
MOZ,2014,8.3
MOZ,2015,8.4
MOZ,2016,8.5
MOZ,2017,8.7
MOZ,2018,8.9
MOZ,2019,9.1
MRT,2010,51.3
MRT,2011,50.1
MRT,2012,49.0
MRT,2013,47.8
MRT,2014,46.7
MRT,2015,45.5
MRT,2016,44.4
MRT,2017,43.4
MRT,2018,42.3
MRT,2019,41.3
MUS,2010,28.2
MUS,2011,28.3
MUS,2012,28.4
MUS,2013,28.5
MUS,2014,28.6
MUS,2015,28.7
MUS,2016,28.8
MUS,2017,29.0
MUS,2018,29.1
MUS,2019,29.3
MWI,2010,7.4
MWI,2011,6.8
MWI,2012,6.2
MWI,2013,5.7
MWI,2014,5.3
MWI,2015,4.8
MWI,2016,4.4
MWI,2017,4.1
MWI,2018,3.7
MWI,2019,3.4
MYS,2010,41.0
MYS,2011,40.9
MYS,2012,40.8
MYS,2013,40.7
MYS,2014,40.6
MYS,2015,40.5
MYS,2016,40.4
MYS,2017,40.3
MYS,2018,40.2
MYS,2019,40.1
NAM,2010,31.8
NAM,2011,31.1
NAM,2012,30.5
NAM,2013,29.9
NAM,2014,29.3
NAM,2015,28.7
NAM,2016,28.2
NAM,2017,27.6
NAM,2018,27.1
NAM,2019,26.7
NER,2010,19.6
NER,2011,19.2
NER,2012,18.8
NER,2013,18.5
NER,2014,18.2
NER,2015,17.8
NER,2016,17.6
NER,2017,17.3
NER,2018,17.0
NER,2019,16.8
NGA,2010,19.8
NGA,2011,19.6
NGA,2012,19.4
NGA,2013,19.1
NGA,2014,18.9
NGA,2015,18.8
NGA,2016,18.6
NGA,2017,18.5
NGA,2018,18.3
NGA,2019,18.2
NIC,2010,34.4
NIC,2011,34.7
NIC,2012,35.1
NIC,2013,35.5
NIC,2014,35.8
NIC,2015,36.2
NIC,2016,36.5
NIC,2017,36.9
NIC,2018,37.3
NIC,2019,37.6
NIU,2010,11.4
NIU,2011,10.9
NIU,2012,10.4
NIU,2013,9.9
NIU,2014,9.5
NIU,2015,9.2
NIU,2016,8.8
NIU,2017,8.5
NIU,2018,8.2
NIU,2019,8.0
NLD,2010,14.7
NLD,2011,14.2
NLD,2012,13.7
NLD,2013,13.2
NLD,2014,12.7
NLD,2015,12.2
NLD,2016,11.8
NLD,2017,11.3
NLD,2018,10.9
NLD,2019,10.5
NOR,2010,33.8
NOR,2011,33.9
NOR,2012,33.9
NOR,2013,34.0
NOR,2014,34.1
NOR,2015,34.2
NOR,2016,34.3
NOR,2017,34.4
NOR,2018,34.6
NOR,2019,34.7
NPL,2010,9.6
NPL,2011,9.4
NPL,2012,9.3
NPL,2013,9.1
NPL,2014,9.0
NPL,2015,8.9
NPL,2016,8.8
NPL,2017,8.6
NPL,2018,8.5
NPL,2019,8.5
NRU,2010,39.8
NRU,2011,39.4
NRU,2012,39.0
NRU,2013,38.6
NRU,2014,38.2
NRU,2015,37.8
NRU,2016,37.4
NRU,2017,37.1
NRU,2018,36.8
NRU,2019,36.4
NZL,2010,20.4
NZL,2011,20.3
NZL,2012,20.1
NZL,2013,20.0
NZL,2014,19.8
NZL,2015,19.7
NZL,2016,19.5
NZL,2017,19.4
NZL,2018,19.2
NZL,2019,19.1
OMN,2010,35.8
OMN,2011,36.0
OMN,2012,36.2
OMN,2013,36.6
OMN,2014,37.0
OMN,2015,37.4
OMN,2016,37.8
OMN,2017,38.2
OMN,2018,38.7
OMN,2019,39.2
PAK,2010,34.2
PAK,2011,35.1
PAK,2012,36.0
PAK,2013,37.0
PAK,2014,37.9
PAK,2015,38.9
PAK,2016,39.9
PAK,2017,40.9
PAK,2018,41.9
PAK,2019,42.8
PAN,2010,45.2
PAN,2011,46.3
PAN,2012,47.3
PAN,2013,48.4
PAN,2014,49.4
PAN,2015,50.5
PAN,2016,51.5
PAN,2017,52.6
PAN,2018,53.6
PAN,2019,54.6
PER,2010,28.6
PER,2011,29.0
PER,2012,29.5
PER,2013,29.9
PER,2014,30.4
PER,2015,30.8
PER,2016,31.3
PER,2017,31.8
PER,2018,32.3
PER,2019,32.9
PHL,2010,25.7
PHL,2011,27.2
PHL,2012,28.7
PHL,2013,30.2
PHL,2014,31.8
PHL,2015,33.5
PHL,2016,35.1
PHL,2017,36.8
PHL,2018,38.5
PHL,2019,40.2
PLW,2010,30.5
PLW,2011,30.1
PLW,2012,29.6
PLW,2013,29.1
PLW,2014,28.5
PLW,2015,28.1
PLW,2016,27.7
PLW,2017,27.4
PLW,2018,27.1
PLW,2019,26.8
PNG,2010,14.7
PNG,2011,14.4
PNG,2012,14.1
PNG,2013,13.8
PNG,2014,13.6
PNG,2015,13.4
PNG,2016,13.2
PNG,2017,13.0
PNG,2018,12.9
PNG,2019,12.7
POL,2010,28.3
POL,2011,29.0
POL,2012,29.6
POL,2013,30.3
POL,2014,31.0
POL,2015,31.7
POL,2016,32.4
POL,2017,33.2
POL,2018,33.9
POL,2019,34.7
PRI,2010,37.1
PRI,2011,37.4
PRI,2012,37.8
PRI,2013,38.2
PRI,2014,38.5
PRI,2015,38.9
PRI,2016,39.3
PRI,2017,39.7
PRI,2018,40.0
PRI,2019,40.4
PRK,2010,22.9
PRK,2011,23.2
PRK,2012,23.4
PRK,2013,23.7
PRK,2014,24.0
PRK,2015,24.4
PRK,2016,24.7
PRK,2017,25.0
PRK,2018,25.4
PRK,2019,25.8
PRT,2010,46.7
PRT,2011,47.1
PRT,2012,47.5
PRT,2013,47.9
PRT,2014,48.3
PRT,2015,48.8
PRT,2016,49.2
PRT,2017,49.6
PRT,2018,50.0
PRT,2019,50.4
PRY,2010,28.4
PRY,2011,29.0
PRY,2012,29.6
PRY,2013,30.2
PRY,2014,30.8
PRY,2015,31.4
PRY,2016,32.1
PRY,2017,32.7
PRY,2018,33.3
PRY,2019,34.0
PSE,2010,36.8
PSE,2011,36.2
PSE,2012,35.6
PSE,2013,35.0
PSE,2014,34.4
PSE,2015,33.8
PSE,2016,33.2
PSE,2017,32.6
PSE,2018,32.0
PSE,2019,31.4
QAT,2010,49.0
QAT,2011,49.6
QAT,2012,50.0
QAT,2013,50.3
QAT,2014,50.6
QAT,2015,50.9
QAT,2016,51.3
QAT,2017,51.7
QAT,2018,52.1
QAT,2019,52.5
ROU,2010,25.6
ROU,2011,26.4
ROU,2012,27.2
ROU,2013,28.1
ROU,2014,29.0
ROU,2015,29.9
ROU,2016,30.9
ROU,2017,31.8
ROU,2018,32.8
ROU,2019,33.7
RUS,2010,13.5
RUS,2011,13.8
RUS,2012,14.2
RUS,2013,14.5
RUS,2014,14.9
RUS,2015,15.2
RUS,2016,15.6
RUS,2017,16.0
RUS,2018,16.4
RUS,2019,16.8
RWA,2010,14.0
RWA,2011,13.5
RWA,2012,12.9
RWA,2013,12.4
RWA,2014,11.9
RWA,2015,11.5
RWA,2016,11.1
RWA,2017,10.7
RWA,2018,10.3
RWA,2019,9.9
SAU,2010,55.6
SAU,2011,55.3
SAU,2012,55.0
SAU,2013,54.8
SAU,2014,54.5
SAU,2015,54.1
SAU,2016,53.8
SAU,2017,53.4
SAU,2018,53.0
SAU,2019,52.6
SDN,2010,20.6
SDN,2011,20.4
SDN,2012,20.2
SDN,2013,20.0
SDN,2014,19.8
SDN,2015,19.6
SDN,2016,19.5
SDN,2017,19.4
SDN,2018,19.3
SDN,2019,19.2
SEN,2010,18.8
SEN,2011,18.5
SEN,2012,18.2
SEN,2013,18.0
SEN,2014,17.8
SEN,2015,17.6
SEN,2016,17.4
SEN,2017,17.2
SEN,2018,17.1
SEN,2019,16.9
SGP,2010,23.5
SGP,2011,23.4
SGP,2012,23.4
SGP,2013,23.3
SGP,2014,23.2
SGP,2015,23.2
SGP,2016,23.1
SGP,2017,23.1
SGP,2018,23.1
SGP,2019,23.1
SLB,2010,26.4
SLB,2011,25.5
SLB,2012,24.6
SLB,2013,23.7
SLB,2014,22.9
SLB,2015,22.1
SLB,2016,21.4
SLB,2017,20.6
SLB,2018,19.9
SLB,2019,19.3
SLE,2010,15.3
SLE,2011,15.0
SLE,2012,14.7
SLE,2013,14.4
SLE,2014,14.2
SLE,2015,14.0
SLE,2016,13.7
SLE,2017,13.6
SLE,2018,13.4
SLE,2019,13.3
SLV,2010,34.1
SLV,2011,34.5
SLV,2012,35.0
SLV,2013,35.4
SLV,2014,35.8
SLV,2015,36.2
SLV,2016,36.6
SLV,2017,37.1
SLV,2018,37.5
SLV,2019,37.9
SMR,2010,29.6
SMR,2011,29.3
SMR,2012,28.9
SMR,2013,28.5
SMR,2014,28.1
SMR,2015,27.8
SMR,2016,27.4
SMR,2017,27.0
SMR,2018,26.6
SMR,2019,26.4
SOM,2010,19.1
SOM,2011,19.0
SOM,2012,18.8
SOM,2013,18.7
SOM,2014,18.5
SOM,2015,18.4
SOM,2016,18.3
SOM,2017,18.2
SOM,2018,18.2
SOM,2019,18.1
SRB,2010,46.8
SRB,2011,46.6
SRB,2012,46.4
SRB,2013,46.2
SRB,2014,46.0
SRB,2015,45.8
SRB,2016,45.6
SRB,2017,45.5
SRB,2018,45.3
SRB,2019,45.2
SSD,2010,17.2
SSD,2011,17.1
SSD,2012,16.9
SSD,2013,16.7
SSD,2014,16.6
SSD,2015,16.5
SSD,2016,16.4
SSD,2017,16.4
SSD,2018,16.3
SSD,2019,16.3
STP,2010,17.9
STP,2011,17.8
STP,2012,17.8
STP,2013,17.8
STP,2014,17.7
STP,2015,17.7
STP,2016,17.7
STP,2017,17.8
STP,2018,17.8
STP,2019,17.9
SUR,2010,41.6
SUR,2011,42.2
SUR,2012,42.8
SUR,2013,43.4
SUR,2014,44.0
SUR,2015,44.6
SUR,2016,45.2
SUR,2017,45.8
SUR,2018,46.4
SUR,2019,47.0
SVK,2010,24.8
SVK,2011,24.6
SVK,2012,24.5
SVK,2013,24.3
SVK,2014,24.2
SVK,2015,24.0
SVK,2016,23.9
SVK,2017,23.8
SVK,2018,23.6
SVK,2019,23.5
SVN,2010,18.8
SVN,2011,18.8
SVN,2012,18.7
SVN,2013,18.6
SVN,2014,18.6
SVN,2015,18.6
SVN,2016,18.6
SVN,2017,18.6
SVN,2018,18.6
SVN,2019,18.7
SWE,2010,18.5
SWE,2011,17.5
SWE,2012,16.4
SWE,2013,15.5
SWE,2014,14.5
SWE,2015,13.7
SWE,2016,12.8
SWE,2017,12.0
SWE,2018,11.3
SWE,2019,10.6
SWZ,2010,21.7
SWZ,2011,21.4
SWZ,2012,21.1
SWZ,2013,20.9
SWZ,2014,20.6
SWZ,2015,20.4
SWZ,2016,20.1
SWZ,2017,19.9
SWZ,2018,19.8
SWZ,2019,19.6
SYC,2010,21.4
SYC,2011,21.3
SYC,2012,21.1
SYC,2013,21.0
SYC,2014,20.9
SYC,2015,20.8
SYC,2016,20.7
SYC,2017,20.6
SYC,2018,20.6
SYC,2019,20.5
SYR,2010,33.9
SYR,2011,34.2
SYR,2012,34.5
SYR,2013,34.9
SYR,2014,35.2
SYR,2015,35.5
SYR,2016,35.9
SYR,2017,36.2
SYR,2018,36.5
SYR,2019,36.9
TCD,2010,20.7
TCD,2011,20.4
TCD,2012,20.0
TCD,2013,19.7
TCD,2014,19.4
TCD,2015,19.1
TCD,2016,18.9
TCD,2017,18.7
TCD,2018,18.5
TCD,2019,18.3
TGO,2010,14.0
TGO,2011,14.0
TGO,2012,14.0
TGO,2013,14.0
TGO,2014,14.0
TGO,2015,14.1
TGO,2016,14.1
TGO,2017,14.2
TGO,2018,14.3
TGO,2019,14.4
THA,2010,21.0
THA,2011,21.6
THA,2012,22.1
THA,2013,22.7
THA,2014,23.4
THA,2015,24.0
THA,2016,24.6
THA,2017,25.3
THA,2018,26.0
THA,2019,26.7
TJK,2010,29.5
TJK,2011,30.0
TJK,2012,30.5
TJK,2013,31.0
TJK,2014,31.5
TJK,2015,32.0
TJK,2016,32.6
TJK,2017,33.1
TJK,2018,33.6
TJK,2019,34.1
TKM,2010,14.3
TKM,2011,14.1
TKM,2012,13.9
TKM,2013,13.7
TKM,2014,13.4
TKM,2015,13.2
TKM,2016,13.0
TKM,2017,12.9
TKM,2018,12.7
TKM,2019,12.5
TLS,2010,20.6
TLS,2011,21.0
TLS,2012,21.4
TLS,2013,21.9
TLS,2014,22.4
TLS,2015,22.9
TLS,2016,23.4
TLS,2017,23.9
TLS,2018,24.5
TLS,2019,25.1
TON,2010,30.8
TON,2011,30.7
TON,2012,30.7
TON,2013,30.6
TON,2014,30.6
TON,2015,30.6
TON,2016,30.6
TON,2017,30.6
TON,2018,30.6
TON,2019,30.6
TTO,2010,40.1
TTO,2011,40.5
TTO,2012,40.8
TTO,2013,41.2
TTO,2014,41.5
TTO,2015,41.9
TTO,2016,42.3
TTO,2017,42.7
TTO,2018,43.0
TTO,2019,43.3
TUN,2010,27.2
TUN,2011,27.7
TUN,2012,28.2
TUN,2013,28.7
TUN,2014,29.2
TUN,2015,29.7
TUN,2016,30.2
TUN,2017,30.8
TUN,2018,31.3
TUN,2019,31.8
TUR,2010,41.6
TUR,2011,41.9
TUR,2012,42.1
TUR,2013,42.3
TUR,2014,42.6
TUR,2015,42.8
TUR,2016,43.1
TUR,2017,43.3
TUR,2018,43.5
TUR,2019,43.7
TUV,2010,30.9
TUV,2011,30.2
TUV,2012,29.6
TUV,2013,28.9
TUV,2014,28.3
TUV,2015,27.8
TUV,2016,27.2
TUV,2017,26.7
TUV,2018,26.2
TUV,2019,25.7
TZA,2010,8.1
TZA,2011,7.7
TZA,2012,7.2
TZA,2013,6.9
TZA,2014,6.5
TZA,2015,6.1
TZA,2016,5.8
TZA,2017,5.5
TZA,2018,5.2
TZA,2019,5.0
UGA,2010,7.9
UGA,2011,7.6
UGA,2012,7.4
UGA,2013,7.1
UGA,2014,6.9
UGA,2015,6.6
UGA,2016,6.4
UGA,2017,6.2
UGA,2018,6.1
UGA,2019,5.9
UKR,2010,11.3
UKR,2011,11.4
UKR,2012,11.5
UKR,2013,11.6
UKR,2014,11.7
UKR,2015,11.8
UKR,2016,11.9
UKR,2017,12.0
UKR,2018,12.2
UKR,2019,12.3
URY,2010,30.8
URY,2011,31.0
URY,2012,31.2
URY,2013,31.4
URY,2014,31.7
URY,2015,31.9
URY,2016,32.2
URY,2017,32.4
URY,2018,32.7
URY,2019,33.0
USA,2010,31.9
USA,2011,32.1
USA,2012,32.2
USA,2013,32.4
USA,2014,32.5
USA,2015,32.7
USA,2016,32.8
USA,2017,33.0
USA,2018,33.1
USA,2019,33.3
UZB,2010,16.5
UZB,2011,17.6
UZB,2012,18.7
UZB,2013,19.8
UZB,2014,21.0
UZB,2015,22.3
UZB,2016,23.5
UZB,2017,24.8
UZB,2018,26.2
UZB,2019,27.5
VCT,2010,26.9
VCT,2011,27.1
VCT,2012,27.4
VCT,2013,27.7
VCT,2014,27.9
VCT,2015,28.2
VCT,2016,28.5
VCT,2017,28.8
VCT,2018,29.1
VCT,2019,29.4
VEN,2010,40.8
VEN,2011,41.3
VEN,2012,41.7
VEN,2013,42.2
VEN,2014,42.6
VEN,2015,43.0
VEN,2016,43.4
VEN,2017,43.8
VEN,2018,44.2
VEN,2019,44.6
VNM,2010,21.5
VNM,2011,22.1
VNM,2012,22.8
VNM,2013,23.5
VNM,2014,24.2
VNM,2015,24.9
VNM,2016,25.7
VNM,2017,26.4
VNM,2018,27.2
VNM,2019,28.0
VUT,2010,10.6
VUT,2011,10.2
VUT,2012,9.8
VUT,2013,9.5
VUT,2014,9.2
VUT,2015,8.9
VUT,2016,8.6
VUT,2017,8.4
VUT,2018,8.2
VUT,2019,8.0
WSM,2010,25.1
WSM,2011,23.9
WSM,2012,22.8
WSM,2013,21.6
WSM,2014,20.6
WSM,2015,19.5
WSM,2016,18.5
WSM,2017,17.6
WSM,2018,16.7
WSM,2019,15.8
YEM,2010,24.1
YEM,2011,24.5
YEM,2012,24.9
YEM,2013,25.2
YEM,2014,25.6
YEM,2015,26.1
YEM,2016,26.5
YEM,2017,26.9
YEM,2018,27.4
YEM,2019,27.8
ZAF,2010,48.4
ZAF,2011,48.1
ZAF,2012,47.8
ZAF,2013,47.5
ZAF,2014,47.2
ZAF,2015,46.8
ZAF,2016,46.5
ZAF,2017,46.2
ZAF,2018,45.9
ZAF,2019,45.6
ZMB,2010,15.7
ZMB,2011,15.5
ZMB,2012,15.3
ZMB,2013,15.2
ZMB,2014,15.0
ZMB,2015,14.8
ZMB,2016,14.7
ZMB,2017,14.6
ZMB,2018,14.4
ZMB,2019,14.3
ZWE,2010,18.4
ZWE,2011,18.2
ZWE,2012,18.1
ZWE,2013,18.0
ZWE,2014,17.9
ZWE,2015,17.8
ZWE,2016,17.7
ZWE,2017,17.7
ZWE,2018,17.7
ZWE,2019,17.7
