iso3,year,pm25_ugm3
AFG,2010,49.6793770289443
AFG,2011,61.8170559083924
AFG,2012,70.9223165078033
AFG,2013,73.1318159038053
AFG,2014,77.1437275538632
AFG,2015,73.4908176326415
AFG,2016,72.7659101386992
AFG,2017,65.8623470043896
AFG,2018,67.2271774798558
AFG,2019,58.3308722306744
AGO,2010,24.17805671622
AGO,2011,24.337940171596
AGO,2012,24.4804929012722
AGO,2013,24.5386584342125
AGO,2014,23.9455836380328
AGO,2015,25.0021502571501
AGO,2016,25.1807008149163
AGO,2017,23.9591508117097
AGO,2018,24.2650153621146
AGO,2019,24.5988113283925
ALB,2010,20.8141104654758
ALB,2011,22.7999042481871
ALB,2012,20.9627204112539
ALB,2013,19.4075322522058
ALB,2014,19.3679442180935
ALB,2015,19.121557306579
ALB,2016,17.602163992984
ALB,2017,18.5552438171978
ALB,2018,19.0461862321065
ALB,2019,15.70470712234
AND,2010,12.375135954824
AND,2011,13.4732948489243
AND,2012,12.2593146393596
AND,2013,11.2698563251216
AND,2014,10.4359992732348
AND,2015,11.1088936507291
AND,2016,10.1068248002358
AND,2017,10.0219190390452
AND,2018,9.89580638748632
AND,2019,9.01087465277866
ARE,2010,42.4230172315555
ARE,2011,46.4897172925459
ARE,2012,49.8585704896572
ARE,2013,43.6717315179427
ARE,2014,38.4444708976302
ARE,2015,48.347575903809
ARE,2016,43.0819708202795
ARE,2017,44.2485056396036
ARE,2018,45.9879061419392
ARE,2019,41.955626323257
ARG,2010,13.9279831494715
ARG,2011,14.2389306717038
ARG,2012,13.3571618542264
ARG,2013,14.7643699932772
ARG,2014,13.9500593062949
ARG,2015,14.6245514656634
ARG,2016,14.2700594540808
ARG,2017,13.9690174802422
ARG,2018,14.1850800443346
ARG,2019,14.3996238920365
ARM,2010,34.4470166846987
ARM,2011,41.8107255386856
ARM,2012,43.2896148307344
ARM,2013,41.050500477264
ARM,2014,38.639237611456
ARM,2015,38.1148586893988
ARM,2016,35.8609078798257
ARM,2017,34.0153569947094
ARM,2018,34.201366074335
ARM,2019,32.6618235324139
ASM,2010,6.1247872217854
ASM,2011,5.78713264863392
ASM,2012,5.89952284418671
ASM,2013,6.0364805967779
ASM,2014,6.38148164002644
ASM,2015,6.34587688465646
ASM,2016,6.92969282658657
ASM,2017,6.92339918062073
ASM,2018,6.98174556652016
ASM,2019,6.72853173807719
ATG,2010,17.5974662934196
ATG,2011,17.2285490405827
ATG,2012,17.5622893176979
ATG,2013,18.0647918322846
ATG,2014,18.1521399923532
ATG,2015,19.7963197860936
ATG,2016,19.9208792974299
ATG,2017,19.0159494088973
ATG,2018,18.9233007168875
ATG,2019,19.0584631585727
AUS,2010,7.44515168368333
AUS,2011,7.32070663499973
AUS,2012,7.53280029437137
AUS,2013,7.4331406197536
AUS,2014,7.38760302103561
AUS,2015,7.18466162026884
AUS,2016,7.20069562395068
AUS,2017,7.4285359593217
AUS,2018,7.74121920379958
AUS,2019,9.33099031566264
AUT,2010,15.9865901400578
AUT,2011,16.3676317593698
AUT,2012,14.7199011900978
AUT,2013,14.6599487004805
AUT,2014,12.9541454673827
AUT,2015,13.5999635409
AUT,2016,12.5143795701306
AUT,2017,12.1557592255042
AUT,2018,12.5861934480679
AUT,2019,11.4645937760057
AZE,2010,23.1201756676417
AZE,2011,27.4281061456644
AZE,2012,29.1805878419231
AZE,2013,28.2339828650537
AZE,2014,26.4192082058383
AZE,2015,25.1867220505416
AZE,2016,24.3527968807853
AZE,2017,23.2421881518978
AZE,2018,23.2360923544978
AZE,2019,22.023834941184
BDI,2010,29.441963936206
BDI,2011,30.469165919309
BDI,2012,30.6146104955934
BDI,2013,29.7513341993496
BDI,2014,31.2135166042476
BDI,2015,30.120746318795
BDI,2016,30.7630623664928
BDI,2017,29.3039698472733
BDI,2018,28.3384994863636
BDI,2019,28.7747369895123
BEL,2010,16.9737148284819
BEL,2011,16.3662739599691
BEL,2012,15.2150084633195
BEL,2013,14.3697873081768
BEL,2014,12.9003587052878
BEL,2015,13.3390429399775
BEL,2016,12.3939007132505
BEL,2017,12.7691577876359
BEL,2018,12.4925874999047
BEL,2019,11.2143791835506
BEN,2010,44.8496835809048
BEN,2011,47.392759069621
BEN,2012,51.5628188212507
BEN,2013,42.0881252510416
BEN,2014,42.0112596872744
BEN,2015,66.6561284323416
BEN,2016,59.4793406242621
BEN,2017,58.3879587239383
BEN,2018,54.0562679352757
BEN,2019,46.5625275293874
BFA,2010,58.9472546424185
BFA,2011,55.571613014377
BFA,2012,61.7629044746867
BFA,2013,48.6056903850732
BFA,2014,49.9195641760489
BFA,2015,71.873244459767
BFA,2016,66.0917117316937
BFA,2017,60.3100692778775
BFA,2018,58.1036119011901
BFA,2019,50.7057233570721
BGD,2010,42.1588186962047
BGD,2011,52.2951110557553
BGD,2012,65.1638389348551
BGD,2013,64.3758949024465
BGD,2014,68.3283645116627
BGD,2015,64.1084295201163
BGD,2016,63.6784141329752
BGD,2017,58.3439766448258
BGD,2018,59.513577848333
BGD,2019,50.3645265388691
BGR,2010,22.9310518892306
BGR,2011,26.1914143794342
BGR,2012,23.0863811610061
BGR,2013,21.490052956786
BGR,2014,21.9921500133613
BGR,2015,20.7936901250081
BGR,2016,19.979167405734
BGR,2017,20.0337858184501
BGR,2018,19.7159830127087
BGR,2019,17.5380256575647
BHR,2010,63.301530702615
BHR,2011,66.7273263961034
BHR,2012,70.0606736033788
BHR,2013,68.1447019157403
BHR,2014,59.1499735070702
BHR,2015,71.5594978371491
BHR,2016,64.2193035294402
BHR,2017,61.237494601176
BHR,2018,71.8872328410934
BHR,2019,59.9655174851019
BHS,2010,17.4260245684517
BHS,2011,17.6418562262103
BHS,2012,18.0358159965462
BHS,2013,17.7211235938828
BHS,2014,18.5387484151285
BHS,2015,19.1256311837319
BHS,2016,18.49778336767
BHS,2017,18.3612464143857
BHS,2018,18.5796799431178
BHS,2019,18.5659528939643
BIH,2010,35.2512805561859
BIH,2011,39.4031643248459
BIH,2012,35.5046711262656
BIH,2013,33.7419045514665
BIH,2014,32.4817989014897
BIH,2015,33.8055310132726
BIH,2016,30.384676952561
BIH,2017,30.9018207776211
BIH,2018,32.4989922059154
BIH,2019,26.7157922521039
BLR,2010,20.9366064365372
BLR,2011,18.6953550823705
BLR,2012,18.0675396231787
BLR,2013,18.9735248940446
BLR,2014,19.3974713758219
BLR,2015,17.6059281150121
BLR,2016,15.8319434819688
BLR,2017,15.7775132293532
BLR,2018,16.9825400264261
BLR,2019,15.6177925850738
BLZ,2010,22.6250549970911
BLZ,2011,25.0167214312121
BLZ,2012,23.7091047742089
BLZ,2013,26.8732782139428
BLZ,2014,26.766330789615
BLZ,2015,27.5566748212023
BLZ,2016,25.608806996967
BLZ,2017,26.1751165590281
BLZ,2018,26.7474102969967
BLZ,2019,26.1465334719171
BMU,2010,7.16366509065494
BMU,2011,6.91539194729686
BMU,2012,6.97250277678657
BMU,2013,6.61259153374615
BMU,2014,7.0538148738716
BMU,2015,6.97448269449194
BMU,2016,7.54273526156963
BMU,2017,7.67124972072296
BMU,2018,7.39756678060384
BMU,2019,7.20679905172813
BOL,2010,30.5811442072612
BOL,2011,27.3182933267548
BOL,2012,28.0697541353735
BOL,2013,26.0957496962253
BOL,2014,26.9415449050283
BOL,2015,27.4574711709407
BOL,2016,28.0546140290721
BOL,2017,26.5418633872389
BOL,2018,25.1667590386614
BOL,2019,24.4849924422413
BRA,2010,14.9274921822751
BRA,2011,15.539471795948
BRA,2012,14.6007414104339
BRA,2013,13.8897320409453
BRA,2014,13.7916487838641
BRA,2015,12.4042007642389
BRA,2016,12.1085038135727
BRA,2017,12.2193388464901
BRA,2018,12.2516401526844
BRA,2019,12.3488400923542
BRB,2010,21.1354483055595
BRB,2011,20.745049418333
BRB,2012,21.1846141376653
BRB,2013,21.7944467458479
BRB,2014,22.3938111163809
BRB,2015,24.1787536225197
BRB,2016,24.4150757393389
BRB,2017,23.2878109296981
BRB,2018,23.2651852221243
BRB,2019,23.3255430894091
BRN,2010,6.28886801670278
BRN,2011,7.22534325195967
BRN,2012,7.64174071359111
BRN,2013,7.81045226819353
BRN,2014,8.03840256929202
BRN,2015,7.76801290951484
BRN,2016,7.70809372713425
BRN,2017,7.23064895379441
BRN,2018,7.49485587718805
BRN,2019,7.94585811311948
BTN,2010,25.8636494610431
BTN,2011,30.4700767007183
BTN,2012,38.1315714688966
BTN,2013,37.4162437152675
BTN,2014,40.2981530542455
BTN,2015,37.4856911286561
BTN,2016,36.9416122831151
BTN,2017,33.8115150358203
BTN,2018,34.0838819368766
BTN,2019,30.051897764158
BWA,2010,22.3400304839044
BWA,2011,22.6768520526251
BWA,2012,22.702553769979
BWA,2013,21.2341334801046
BWA,2014,21.1021511668115
BWA,2015,22.0461450923733
BWA,2016,21.2522533064009
BWA,2017,19.9663232166838
BWA,2018,19.9110410814922
BWA,2019,19.2035484352255
CAF,2010,33.2644237034772
CAF,2011,34.7387675481675
CAF,2012,36.1271180308768
CAF,2013,33.6642337758094
CAF,2014,31.9156244391296
CAF,2015,38.5999376665904
CAF,2016,34.4108147859314
CAF,2017,33.885383156685
CAF,2018,31.9740977574518
CAF,2019,34.9143760112605
CAN,2010,7.79521960926122
CAN,2011,7.37287638245787
CAN,2012,7.58558915249491
CAN,2013,7.26096632331949
CAN,2014,7.38092988336422
CAN,2015,7.11576183142395
CAN,2016,6.40675155079521
CAN,2017,7.04492025305158
CAN,2018,7.09175111254794
CAN,2019,6.22680169266749
CHE,2010,13.2556694848526
CHE,2011,13.864731836329
CHE,2012,12.6827485821719
CHE,2013,12.4432960759198
CHE,2014,10.6156284957703
CHE,2015,11.7226082380351
CHE,2016,10.6566460014216
CHE,2017,9.91481464472654
CHE,2018,10.1481592849367
CHE,2019,9.45001875443382
CHL,2010,22.0329948919966
CHL,2011,22.8717891996678
CHL,2012,21.9147180810935
CHL,2013,23.7625028118101
CHL,2014,23.0317537681692
CHL,2015,24.2782298076617
CHL,2016,24.2218424802596
CHL,2017,23.4116041349236
CHL,2018,23.0512130318909
CHL,2019,22.7323927701622
CHN,2010,47.4765519945183
CHN,2011,51.34994369566
CHN,2012,48.1207251131123
CHN,2013,58.4662215596184
CHN,2014,54.5688342973092
CHN,2015,50.832537964484
CHN,2016,46.8324682508133
CHN,2017,45.8369336166997
CHN,2018,40.2663875187565
CHN,2019,37.5475753654351
CIV,2010,41.595297944419
CIV,2011,49.5497020681304
CIV,2012,51.355889030092
CIV,2013,40.0659563695022
CIV,2014,38.9323349133904
CIV,2015,61.954609777616
CIV,2016,55.6539855341019
CIV,2017,50.6654421695962
CIV,2018,50.8958061004876
CIV,2019,44.3324266688486
CMR,2010,39.0423790568413
CMR,2011,38.5923305752451
CMR,2012,41.8537414482327
CMR,2013,37.1006966036381
CMR,2014,37.009069026736
CMR,2015,51.9499452409616
CMR,2016,44.7692534342126
CMR,2017,43.2149077099804
CMR,2018,40.8875596706757
CMR,2019,40.7355761870464
COD,2010,26.029435218018
COD,2011,26.6005338893647
COD,2012,26.7077484248202
COD,2013,26.1166767334607
COD,2014,26.9058681895875
COD,2015,28.461870876218
COD,2016,26.7550295099953
COD,2017,26.8446579950641
COD,2018,26.7227743114458
COD,2019,26.3379328931586
COG,2010,27.0414660021696
COG,2011,27.8579991372168
COG,2012,28.5447582283734
COG,2013,28.1202914351675
COG,2014,27.8059959217622
COG,2015,30.5591063026375
COG,2016,28.2160787153425
COG,2017,28.5831067984323
COG,2018,27.9644662335483
COG,2019,28.7484172141318
COL,2010,19.1642899222037
COL,2011,20.5518377125816
COL,2012,18.1430860286647
COL,2013,18.9282488611578
COL,2014,18.33821147907
COL,2015,17.6079787372288
COL,2016,17.312215487627
COL,2017,17.2528522521135
COL,2018,16.0492875724803
COL,2019,14.5158658042874
COM,2010,11.3687010835918
COM,2011,12.3436803657737
COM,2012,11.639647170545
COM,2013,12.2675890585181
COM,2014,11.3961592947192
COM,2015,11.9089280291946
COM,2016,12.204174846154
COM,2017,10.8598778552179
COM,2018,11.6282907601438
COM,2019,10.4127200490569
CPV,2010,24.9227591294962
CPV,2011,42.201991220723
CPV,2012,51.1112334865799
CPV,2013,36.414675879692
CPV,2014,31.3508458881205
CPV,2015,51.4204136901671
CPV,2016,43.0314900855625
CPV,2017,53.8692623569653
CPV,2018,31.7384229474609
CPV,2019,39.3519135244555
CRI,2010,17.6032020866019
CRI,2011,19.4251836697019
CRI,2012,17.9369232929949
CRI,2013,18.4901589297792
CRI,2014,17.5539609994868
CRI,2015,17.6636155108417
CRI,2016,16.8973562895418
CRI,2017,17.165875341513
CRI,2018,15.1307436338713
CRI,2019,13.3766440949763
CUB,2010,18.9083050915655
CUB,2011,19.6720738913487
CUB,2012,19.6276365485068
CUB,2013,19.9113493948996
CUB,2014,20.762060268269
CUB,2015,21.4005165459257
CUB,2016,19.7476038869862
CUB,2017,20.1327865141339
CUB,2018,20.9153664764928
CUB,2019,20.3431122356184
CYP,2010,18.5197054300908
CYP,2011,18.4875017910321
CYP,2012,16.876649443899
CYP,2013,16.2406674925642
CYP,2014,16.1114833623758
CYP,2015,16.9122147785325
CYP,2016,14.4813342529054
CYP,2017,15.1071226081124
CYP,2018,15.24949999422
CYP,2019,15.0066614653737
CZE,2010,20.907069022985
CZE,2011,21.0141184753393
CZE,2012,19.2882808825023
CZE,2013,18.9336384922511
CZE,2014,18.3617483140192
CZE,2015,17.8128111083862
CZE,2016,16.9928991704268
CZE,2017,16.9432784272519
CZE,2018,17.3467438168398
CZE,2019,14.2336874017967
DEU,2010,16.201690204245
DEU,2011,15.7161711583543
DEU,2012,13.9078592571706
DEU,2013,13.6633968189434
DEU,2014,12.2822480920893
DEU,2015,12.8253525089793
DEU,2016,11.7806958987308
DEU,2017,11.8978451129639
DEU,2018,11.6526030992972
DEU,2019,10.6378495266542
DJI,2010,41.241906936911
DJI,2011,44.8504343538823
DJI,2012,49.9458902567221
DJI,2013,47.8759603560518
DJI,2014,42.8427623405981
DJI,2015,45.1648934739259
DJI,2016,44.0959715411584
DJI,2017,44.0854038430172
DJI,2018,43.0573056895078
DJI,2019,39.7218573893781
DMA,2010,18.4338503842066
DMA,2011,18.0656281510706
DMA,2012,18.6039506649296
DMA,2013,19.0541863206737
DMA,2014,19.2837003253437
DMA,2015,21.0213905070044
DMA,2016,21.0269310891431
DMA,2017,20.1703226562748
DMA,2018,20.3127256712935
DMA,2019,20.0434244381572
DNK,2010,13.0860050201498
DNK,2011,13.3556789508458
DNK,2012,10.811456086122
DNK,2013,10.3963287855885
DNK,2014,10.8104890765495
DNK,2015,10.2267270069046
DNK,2016,9.23431703209402
DNK,2017,10.0945595167367
DNK,2018,10.3539340590391
DNK,2019,9.61197285377196
DOM,2010,17.5360829581378
DOM,2011,17.4713311482988
DOM,2012,17.6468205135185
DOM,2013,17.6634551412186
DOM,2014,18.9396637119659
DOM,2015,19.9571847572804
DOM,2016,19.2491722418682
DOM,2017,19.1203299259262
DOM,2018,19.5892802619564
DOM,2019,19.4968181870994
DZA,2010,24.3952993862667
DZA,2011,23.5721077905837
DZA,2012,24.3968164333132
DZA,2013,22.3802640164928
DZA,2014,24.111122951181
DZA,2015,25.6188658260447
DZA,2016,25.5531525527547
DZA,2017,24.7521457818965
DZA,2018,24.9335900639775
DZA,2019,24.3886086444981
ECU,2010,21.7286460306471
ECU,2011,19.5919330091265
ECU,2012,20.8650376880852
ECU,2013,19.8592620729833
ECU,2014,20.2791788990402
ECU,2015,20.1729639726852
ECU,2016,20.7399169622061
ECU,2017,19.2459328647667
ECU,2018,18.386683414634
ECU,2019,17.769931645036
EGY,2010,76.4681376215846
EGY,2011,62.0486163821917
EGY,2012,61.7247558733889
EGY,2013,70.1484599687517
EGY,2014,66.1214960792046
EGY,2015,67.6489631610219
EGY,2016,61.4577552982506
EGY,2017,58.9353384135579
EGY,2018,65.4631301601869
EGY,2019,67.7529020891301
ERI,2010,40.6911921899525
ERI,2011,40.8624855844964
ERI,2012,42.9058422883202
ERI,2013,43.4740446424338
ERI,2014,35.7775635476002
ERI,2015,41.1496360897538
ERI,2016,39.6073262193782
ERI,2017,41.4045411789422
ERI,2018,41.5613821480188
ERI,2019,36.2661285542054
ESP,2010,12.4298524075247
ESP,2011,13.4200482874381
ESP,2012,12.0395432976255
ESP,2013,11.2505956077366
ESP,2014,10.5798592110443
ESP,2015,11.2555313002962
ESP,2016,10.338836110853
ESP,2017,10.4366670528408
ESP,2018,10.1845744948112
ESP,2019,9.35354339662499
EST,2010,9.13653020501115
EST,2011,8.27663619619013
EST,2012,7.99013886909247
EST,2013,8.08122179915709
EST,2014,8.70767888073313
EST,2015,7.18496063252666
EST,2016,6.87835279660374
EST,2017,6.15485238171865
EST,2018,7.7966811057876
EST,2019,6.84482514683862
ETH,2010,30.721062308711
ETH,2011,31.4291559506252
ETH,2012,32.643963058463
ETH,2013,32.2039077009628
ETH,2014,29.7131511992912
ETH,2015,31.4436090208599
ETH,2016,30.9271256840247
ETH,2017,30.4120665058652
ETH,2018,30.2623392192692
ETH,2019,28.6876946331346
FIN,2010,6.99088092919804
FIN,2011,6.87039455156535
FIN,2012,6.23115629479583
FIN,2013,5.85285267653954
FIN,2014,6.11857316281583
FIN,2015,5.62500854589343
FIN,2016,5.27813456745499
FIN,2017,5.12673961318144
FIN,2018,5.49695736300986
FIN,2019,5.37867032806067
FJI,2010,12.4149926761009
FJI,2011,12.4871607646576
FJI,2012,12.692818373804
FJI,2013,12.6556857350952
FJI,2014,12.1427162201265
FJI,2015,11.9373871022014
FJI,2016,12.3284242671983
FJI,2017,12.3080401904933
FJI,2018,12.7353038744821
FJI,2019,12.9123773053208
FRA,2010,13.7778502943804
FRA,2011,13.7974719352463
FRA,2012,12.5585885208406
FRA,2013,12.4582922718332
FRA,2014,10.687674674804
FRA,2015,11.3442976642006
FRA,2016,10.508154814077
FRA,2017,10.4583123660264
FRA,2018,10.4599453286038
FRA,2019,9.82524600527018
FSM,2010,12.1211559280932
FSM,2011,11.9522660960834
FSM,2012,12.0131027547751
FSM,2013,12.226250863364
FSM,2014,11.7605972452111
FSM,2015,12.6065611670905
FSM,2016,11.5649676332846
FSM,2017,11.4423848946993
FSM,2018,12.0885596987462
FSM,2019,12.3358791142647
GAB,2010,26.5510702440269
GAB,2011,27.1676800151218
GAB,2012,26.8259890575401
GAB,2013,27.7803827536179
GAB,2014,26.2746903969533
GAB,2015,30.7390246342706
GAB,2016,29.7679660664056
GAB,2017,27.1691084203468
GAB,2018,27.0383051447292
GAB,2019,27.5241895785238
GBR,2010,12.4589114498692
GBR,2011,13.0110598336171
GBR,2012,11.4844614132453
GBR,2013,11.3936196663408
GBR,2014,10.8076454562065
GBR,2015,10.4602728529493
GBR,2016,10.0359721133567
GBR,2017,10.3814201449701
GBR,2018,10.2397854923418
GBR,2019,9.94569869317993
GEO,2010,18.4461840249862
GEO,2011,22.1991814081631
GEO,2012,23.0631259897014
GEO,2013,22.2517576861155
GEO,2014,20.9791754789627
GEO,2015,20.3304736500391
GEO,2016,19.3139668885259
GEO,2017,18.5342689563052
GEO,2018,18.4542384404894
GEO,2019,17.6183021493385
GHA,2010,47.7510099685389
GHA,2011,52.8014316063294
GHA,2012,56.9570423348518
GHA,2013,44.7306236715724
GHA,2014,43.9627293584075
GHA,2015,68.0112284884927
GHA,2016,62.8889642906448
GHA,2017,60.3590341738153
GHA,2018,56.0041825783104
GHA,2019,49.6566317016668
GIN,2010,43.9202562200658
GIN,2011,45.7355495093342
GIN,2012,47.8451474722102
GIN,2013,37.4448110683296
GIN,2014,39.8496366263944
GIN,2015,54.2776680884158
GIN,2016,49.6336310986966
GIN,2017,49.7395461030353
GIN,2018,48.4123967434209
GIN,2019,42.8781068854259
GMB,2010,52.9097272339557
GMB,2011,56.1934304763105
GMB,2012,66.4198505891995
GMB,2013,47.62546974836
GMB,2014,50.9583278982684
GMB,2015,63.7503934261079
GMB,2016,58.7910560945535
GMB,2017,64.5390631748347
GMB,2018,59.2734928704383
GMB,2019,54.8732916241171
GNB,2010,49.400457774959
GNB,2011,51.054253759813
GNB,2012,55.8088467950236
GNB,2013,41.5410405341867
GNB,2014,43.5593468461234
GNB,2015,56.920191943344
GNB,2016,52.6997265729536
GNB,2017,56.7814512632763
GNB,2018,54.1409784310321
GNB,2019,48.5028970455265
GNQ,2010,29.8073291869447
GNQ,2011,30.9097483573422
GNQ,2012,30.2700780563152
GNQ,2013,29.5859759824635
GNQ,2014,29.8573749067307
GNQ,2015,38.4946753401213
GNQ,2016,36.5313373748734
GNQ,2017,32.7521931809298
GNQ,2018,31.3913053457764
GNQ,2019,31.5523784625482
GRC,2010,20.2971496759618
GRC,2011,21.3833542936023
GRC,2012,18.8095113490598
GRC,2013,17.9600807887087
GRC,2014,16.8699265288991
GRC,2015,17.2372072771469
GRC,2016,15.7750345686768
GRC,2017,15.6724100278411
GRC,2018,15.5840100248101
GRC,2019,14.9419055519621
GRD,2010,21.9876650906501
GRD,2011,21.6067771005585
GRD,2012,22.0541028098674
GRD,2013,22.8659000098273
GRD,2014,23.3249292849377
GRD,2015,25.177742151728
GRD,2016,25.0768814910495
GRD,2017,24.3014719560486
GRD,2018,24.0969881609342
GRD,2019,24.2647371353562
GRL,2010,6.00869359613188
GRL,2011,5.74056233004073
GRL,2012,6.18018581736795
GRL,2013,6.23885062992403
GRL,2014,6.55171305772451
GRL,2015,6.14469039341254
GRL,2016,6.46724827436704
GRL,2017,7.4921548326333
GRL,2018,6.75630549235812
GRL,2019,6.48950745924949
GTM,2010,26.652419867848
GTM,2011,30.2785784962163
GTM,2012,27.3005597247054
GTM,2013,29.0925322950372
GTM,2014,26.7327979035299
GTM,2015,27.4004163899267
GTM,2016,25.2167964925021
GTM,2017,25.1845452119376
GTM,2018,23.2233964899274
GTM,2019,20.2102810509295
GUM,2010,7.77820797980273
GUM,2011,7.38091578853416
GUM,2012,7.50094795897567
GUM,2013,8.6039665673128
GUM,2014,8.15054249728644
GUM,2015,10.7767958943295
GUM,2016,8.95124087366923
GUM,2017,8.62061947259407
GUM,2018,10.0065645243546
GUM,2019,9.88784013723531
GUY,2010,23.836323399808
GUY,2011,23.1327579636656
GUY,2012,24.0202750476087
GUY,2013,23.9124180658873
GUY,2014,24.2311867349748
GUY,2015,25.8352498994325
GUY,2016,25.3854930398264
GUY,2017,25.2164770735339
GUY,2018,25.7636448984049
GUY,2019,26.0920734823741
HND,2010,23.6046775290367
HND,2011,27.5473866010646
HND,2012,24.209066840265
HND,2013,26.2100830737093
HND,2014,24.197048630279
HND,2015,24.6931989438968
HND,2016,22.8829846790784
HND,2017,22.0571250886782
HND,2018,20.5175969852982
HND,2019,18.1436603524166
HRV,2010,21.5520342977398
HRV,2011,23.6135683044921
HRV,2012,20.9195365864097
HRV,2013,20.2640413078795
HRV,2014,19.8289409065182
HRV,2015,20.1718710437292
HRV,2016,18.1778313300349
HRV,2017,18.7613905967833
HRV,2018,20.0014497847215
HRV,2019,15.914853988952
HTI,2010,18.8313411106541
HTI,2011,18.8857006660512
HTI,2012,19.0640940806919
HTI,2013,19.3952223914866
HTI,2014,20.7584161756086
HTI,2015,21.5058632915395
HTI,2016,20.5277983755891
HTI,2017,20.7108631691211
HTI,2018,21.5479155500506
HTI,2019,20.938501996786
HUN,2010,20.465784622626
HUN,2011,21.3088927870016
HUN,2012,18.932021260415
HUN,2013,17.8529756602872
HUN,2014,17.9397743889142
HUN,2015,17.9802501362595
HUN,2016,16.2389389235353
HUN,2017,17.0236884271225
HUN,2018,17.5018535227019
HUN,2019,14.6412354449754
IDN,2010,20.5957258237696
IDN,2011,17.9185723142468
IDN,2012,19.553351601333
IDN,2013,20.1029935644832
IDN,2014,18.5354648917633
IDN,2015,18.6712786457665
IDN,2016,19.1310042759597
IDN,2017,16.9555634840925
IDN,2018,18.4371895829409
IDN,2019,19.4270918962783
IND,2010,50.1011539510167
IND,2011,61.708624213512
IND,2012,74.0031607462287
IND,2013,76.2501768290597
IND,2014,79.0373957134889
IND,2015,73.810991410386
IND,2016,75.7890035327013
IND,2017,67.3122713926644
IND,2018,68.1209525065052
IND,2019,59.8919808842351
IRL,2010,10.3475907744569
IRL,2011,10.5404229786943
IRL,2012,9.58893302932057
IRL,2013,9.19408716106259
IRL,2014,8.84472665206141
IRL,2015,8.81158216131006
IRL,2016,8.11019374827621
IRL,2017,8.38429636583274
IRL,2018,8.2986369369357
IRL,2019,7.8923946735653
IRN,2010,38.3119722581928
IRN,2011,39.6124799715142
IRN,2012,38.0077616053954
IRN,2013,38.7525647600714
IRN,2014,36.3710361542807
IRN,2015,38.6980329606897
IRN,2016,37.4838145441593
IRN,2017,35.0159582592188
IRN,2018,37.6762291896797
IRN,2019,34.0157895718045
IRQ,2010,48.6064935140896
IRQ,2011,44.5902054159628
IRQ,2012,43.7633581476121
IRQ,2013,42.9162462504814
IRQ,2014,37.7947333258122
IRQ,2015,44.6439888371463
IRQ,2016,42.3367851899463
IRQ,2017,40.02670906993
IRQ,2018,41.7558636075287
IRQ,2019,37.7315693030309
ISL,2010,6.51049356186064
ISL,2011,6.70874031735348
ISL,2012,6.11017540376794
ISL,2013,5.96459941016024
ISL,2014,5.78710561432072
ISL,2015,5.73328095255678
ISL,2016,5.27717772615425
ISL,2017,5.83996279608708
ISL,2018,5.55924065638007
ISL,2019,5.48155807169081
ISR,2010,24.5561552293902
ISR,2011,24.4804002133439
ISR,2012,22.1038555397058
ISR,2013,22.578207348874
ISR,2014,21.175469715827
ISR,2015,22.1043027343095
ISR,2016,18.8170113677762
ISR,2017,20.0293441275017
ISR,2018,20.5625974806507
ISR,2019,19.5556432093837
ITA,2010,20.1712406113281
ITA,2011,21.3353676583094
ITA,2012,18.765688121919
ITA,2013,18.0540998276206
ITA,2014,16.8936828833708
ITA,2015,17.7600165229672
ITA,2016,15.7011486972657
ITA,2017,15.9660261772019
ITA,2018,16.3354361294692
ITA,2019,14.8936858575121
JAM,2010,15.5556087039102
JAM,2011,14.9471227221815
JAM,2012,15.4247314936508
JAM,2013,15.7749158665666
JAM,2014,16.4597152483621
JAM,2015,16.8646376023948
JAM,2016,15.9558447798912
JAM,2017,16.6566414571584
JAM,2018,16.8426821458431
JAM,2019,17.0706325020849
JOR,2010,33.5950845427671
JOR,2011,29.6624260829934
JOR,2012,29.0244573141249
JOR,2013,32.6779191249103
JOR,2014,30.2022455384946
JOR,2015,32.1142375115077
JOR,2016,28.3754804489745
JOR,2017,28.3831683592571
JOR,2018,30.8911213683016
JOR,2019,31.2597313487439
JPN,2010,10.8511260577664
JPN,2011,12.2742530701447
JPN,2012,12.8068431271902
JPN,2013,13.2542512411266
JPN,2014,13.740610303435
JPN,2015,12.8685359282927
JPN,2016,12.799061198144
JPN,2017,13.1198276213348
JPN,2018,13.0790330283313
JPN,2019,12.9378727869587
KAZ,2010,20.5118750922389
KAZ,2011,25.4893926987852
KAZ,2012,27.2031824448933
KAZ,2013,25.8443738560699
KAZ,2014,23.8358367012493
KAZ,2015,22.5590495991917
KAZ,2016,22.7637525232887
KAZ,2017,21.0166106765309
KAZ,2018,20.5938700993782
KAZ,2019,20.8569853852639
KEN,2010,23.125672688558
KEN,2011,25.1822165114232
KEN,2012,25.6442241015428
KEN,2013,24.5757635874676
KEN,2014,23.7513870283134
KEN,2015,24.7760612569464
KEN,2016,24.0211862534612
KEN,2017,19.9015512654464
KEN,2018,20.9875653334569
KEN,2019,19.5705272264405
KGZ,2010,26.5919253330871
KGZ,2011,33.450584373058
KGZ,2012,34.3817087122114
KGZ,2013,33.828057010964
KGZ,2014,30.5484635194377
KGZ,2015,29.7484121402712
KGZ,2016,29.0193222002259
KGZ,2017,26.8562254174832
KGZ,2018,27.4518144818682
KGZ,2019,26.7613844313409
KHM,2010,24.8224340951565
KHM,2011,21.6807107694691
KHM,2012,22.9965791117395
KHM,2013,25.7785023524529
KHM,2014,22.1052880421246
KHM,2015,21.599028896344
KHM,2016,22.4071810127085
KHM,2017,20.7075312769695
KHM,2018,22.9919425508182
KHM,2019,22.9738017157091
KIR,2010,11.4689883144854
KIR,2011,11.3219411654828
KIR,2012,11.3226141241133
KIR,2013,11.3202684142188
KIR,2014,10.9972287903393
KIR,2015,10.6201442272271
KIR,2016,11.1067056212411
KIR,2017,10.970038581704
KIR,2018,11.3366995948348
KIR,2019,11.5481206795464
KNA,2010,7.72573772222845
KNA,2011,7.02054664173433
KNA,2012,7.63914727084111
KNA,2013,7.48708051379513
KNA,2014,7.35752091509014
KNA,2015,8.17910001090095
KNA,2016,8.69104650276459
KNA,2017,8.59231426212322
KNA,2018,8.01759737550583
KNA,2019,7.87159855837596
KOR,2010,21.7913866730167
KOR,2011,24.8830450375162
KOR,2012,25.5767916080653
KOR,2013,27.4929658439861
KOR,2014,28.3760075385872
KOR,2015,26.2899620146574
KOR,2016,26.6704344134095
KOR,2017,26.0043671138493
KOR,2018,25.9343920098722
KOR,2019,26.0153634264606
KWT,2010,61.3527403418571
KWT,2011,65.1115344079268
KWT,2012,65.1385584071027
KWT,2013,66.1412461870028
KWT,2014,50.028931868526
KWT,2015,64.5479644305319
KWT,2016,59.2319560603482
KWT,2017,58.1291719707309
KWT,2018,63.4583554482098
KWT,2019,52.7825054963873
LAO,2010,24.2304166685204
LAO,2011,20.5789011650413
LAO,2012,22.4365696992954
LAO,2013,24.2423626108046
LAO,2014,21.3928997917018
LAO,2015,20.1670988613747
LAO,2016,22.463787282601
LAO,2017,19.1515982168711
LAO,2018,20.9840690040935
LAO,2019,22.4289603771825
LBN,2010,22.0305714387326
LBN,2011,19.3450935433656
LBN,2012,18.7841957919463
LBN,2013,20.2507464209249
LBN,2014,20.3631198495282
LBN,2015,20.6861467732003
LBN,2016,19.360236111926
LBN,2017,18.8914613898948
LBN,2018,19.9808899582131
LBN,2019,20.5970090578064
LBR,2010,33.6519945022688
LBR,2011,43.0911306066352
LBR,2012,40.950862253654
LBR,2013,33.8367623475366
LBR,2014,34.3461135841224
LBR,2015,51.1180873244019
LBR,2016,48.301426780699
LBR,2017,41.5068237111279
LBR,2018,42.0381017982909
LBR,2019,37.1591253581791
LBY,2010,50.1076375660992
LBY,2011,36.5734275927941
LBY,2012,33.0392584726512
LBY,2013,41.8287621297505
LBY,2014,36.2943652311609
LBY,2015,36.08680012119
LBY,2016,38.1668032978199
LBY,2017,33.6859220495799
LBY,2018,41.4209740874326
LBY,2019,36.4844732200514
LCA,2010,21.0479558780675
LCA,2011,20.6119269898378
LCA,2012,21.0465307968291
LCA,2013,21.8244150541212
LCA,2014,22.2578153815924
LCA,2015,23.9677087919965
LCA,2016,24.0761301376266
LCA,2017,23.0833259465748
LCA,2018,23.2729579590218
LCA,2019,23.070500576614
LKA,2010,22.0458163253294
LKA,2011,19.3067208821847
LKA,2012,20.9131853685461
LKA,2013,21.9721781997635
LKA,2014,19.7831265390581
LKA,2015,17.9117046245301
LKA,2016,19.521371968942
LKA,2017,18.3492016336564
LKA,2018,20.8478350946817
LKA,2019,19.779803654502
LSO,2010,26.338001871042
LSO,2011,26.9481719895266
LSO,2012,26.5241576357391
LSO,2013,25.2428493312626
LSO,2014,26.801156032785
LSO,2015,25.8911063728927
LSO,2016,25.3734080229079
LSO,2017,22.4347012157399
LSO,2018,23.0240026773582
LSO,2019,21.1810593859544
LTU,2010,13.8485379434341
LTU,2011,12.3194519812497
LTU,2012,12.373124789345
LTU,2013,12.4131714589563
LTU,2014,12.7577404745041
LTU,2015,11.3028578201847
LTU,2016,10.2329418108878
LTU,2017,9.79993642739852
LTU,2018,11.0838572805935
LTU,2019,10.2465023749528
LUX,2010,13.0161727518124
LUX,2011,12.7279864121044
LUX,2012,11.3764588719617
LUX,2013,11.7081477939315
LUX,2014,9.99782870623861
LUX,2015,10.3915303158858
LUX,2016,9.61318538725802
LUX,2017,9.60846654630366
LUX,2018,9.29178826573985
LUX,2019,8.4591046194554
LVA,2010,17.7137997205206
LVA,2011,15.525589653222
LVA,2012,14.9825047352387
LVA,2013,15.4093695076531
LVA,2014,16.0993170108535
LVA,2015,13.6554000536401
LVA,2016,12.6030729844024
LVA,2017,11.6679973108454
LVA,2018,14.2076039693657
LVA,2019,12.4865833165492
MAR,2010,27.0346621884598
MAR,2011,25.1025965770715
MAR,2012,23.517027783633
MAR,2013,22.6262616570608
MAR,2014,22.5756463722019
MAR,2015,25.6535487891636
MAR,2016,24.7545943744621
MAR,2017,28.0161565066814
MAR,2018,23.1856283839847
MAR,2019,20.9299059936918
MCO,2010,13.0473951609661
MCO,2011,14.1197780903498
MCO,2012,12.6169645561937
MCO,2013,11.7803156412187
MCO,2014,10.9137728394289
MCO,2015,11.8411028968318
MCO,2016,10.4725197097017
MCO,2017,10.376456634887
MCO,2018,10.6954915739758
MCO,2019,9.65907893202952
MDA,2010,20.4084787372334
MDA,2011,20.7106966050714
MDA,2012,20.3835846673482
MDA,2013,19.979486487115
MDA,2014,18.7371163449526
MDA,2015,18.1478989162811
MDA,2016,17.0561198558818
MDA,2017,15.1423919470871
MDA,2018,17.080793755092
MDA,2019,15.7728170076841
MDG,2010,14.5239072617107
MDG,2011,16.0170178085428
MDG,2012,14.7009701749296
MDG,2013,15.504951948252
MDG,2014,15.00220058015
MDG,2015,16.0777176618248
MDG,2016,16.138736457425
MDG,2017,12.5514997924024
MDG,2018,12.7238095692816
MDG,2019,12.7945386496097
MDV,2010,13.4528363324173
MDV,2011,12.0739554274487
MDV,2012,12.9660175970021
MDV,2013,13.2401139246132
MDV,2014,11.7258427261492
MDV,2015,10.8085614263778
MDV,2016,12.3754871852488
MDV,2017,11.3333706146388
MDV,2018,12.5034619255463
MDV,2019,12.3139819141366
MEX,2010,19.6596319675283
MEX,2011,22.4736336205905
MEX,2012,20.1560213023659
MEX,2013,20.8739317391487
MEX,2014,19.667850241261
MEX,2015,19.4864853369113
MEX,2016,18.8449182383899
MEX,2017,18.3002285485373
MEX,2018,16.652186272493
MEX,2019,14.7051077997851
MHL,2010,11.0678482962163
MHL,2011,10.8904925373821
MHL,2012,10.7837985370275
MHL,2013,10.7702518000594
MHL,2014,10.5406282383918
MHL,2015,10.2729137216564
MHL,2016,10.3445553141009
MHL,2017,10.3834288658063
MHL,2018,10.5429075377745
MHL,2019,10.8031103210849
MKD,2010,34.3123770557157
MKD,2011,40.0646898780776
MKD,2012,35.8424435184763
MKD,2013,32.7169102539109
MKD,2014,33.7775349314159
MKD,2015,31.8724776060607
MKD,2016,30.0799243464009
MKD,2017,30.4645094005313
MKD,2018,31.0045303573284
MKD,2019,25.8786881284068
MLI,2010,67.7178277488734
MLI,2011,62.4509373481651
MLI,2012,69.8937111183001
MLI,2013,51.3368303515499
MLI,2014,56.4785819386307
MLI,2015,74.1479908356132
MLI,2016,66.1872302945193
MLI,2017,66.774344334826
MLI,2018,63.6849309047317
MLI,2019,57.3904374306355
MLT,2010,17.06318547053
MLT,2011,16.1027075945735
MLT,2012,14.106355803411
MLT,2013,13.3766872999129
MLT,2014,13.4804864315632
MLT,2015,13.6814730924333
MLT,2016,12.5325633579629
MLT,2017,12.9026022733936
MLT,2018,13.1132959646537
MLT,2019,12.5909175285117
MMR,2010,34.3133485983332
MMR,2011,29.4854398392347
MMR,2012,33.179223857355
MMR,2013,35.1664986630794
MMR,2014,31.2218892689358
MMR,2015,29.9150539220144
MMR,2016,31.1703866445543
MMR,2017,28.1336717956987
MMR,2018,31.5559916967562
MMR,2019,32.1642279603857
MNE,2010,24.0263937599847
MNE,2011,26.8096357329836
MNE,2012,25.152725645633
MNE,2013,23.0328197648844
MNE,2014,22.8933751545525
MNE,2015,22.5226135295586
MNE,2016,20.7818361159159
MNE,2017,21.1885834911776
MNE,2018,22.0010575045609
MNE,2019,18.3231957596321
MNG,2010,27.9160191026285
MNG,2011,35.8767855032703
MNG,2012,38.2318589751567
MNG,2013,36.1190861922145
MNG,2014,32.6310214465256
MNG,2015,33.6018162552522
MNG,2016,34.394850770545
MNG,2017,31.4066965937798
MNG,2018,30.340789040395
MNG,2019,31.0839271991388
MNP,2010,7.67641551778095
MNP,2011,7.48699128265064
MNP,2012,7.5052512813434
MNP,2013,8.34132545489065
MNP,2014,7.95017675722504
MNP,2015,10.0354064990389
MNP,2016,8.84992578196304
MNP,2017,8.66444820035672
MNP,2018,9.62412986327666
MNP,2019,9.84143557608585
MOZ,2010,20.9810311228238
MOZ,2011,21.3180610647849
MOZ,2012,21.4882091792626
MOZ,2013,21.704486846149
MOZ,2014,21.6145857091373
MOZ,2015,21.5758950473476
MOZ,2016,21.069117727762
MOZ,2017,18.7547986602318
MOZ,2018,18.8259193532117
MOZ,2019,19.5945644695986
MRT,2010,72.922833397118
MRT,2011,72.9883129496202
MRT,2012,83.0360920761507
MRT,2013,64.5065697786296
MRT,2014,64.1516470310952
MRT,2015,83.0276343912381
MRT,2016,76.5480652857383
MRT,2017,79.9744180761698
MRT,2018,75.8344786877967
MRT,2019,72.1994109024446
MUS,2010,9.39539257571533
MUS,2011,9.3272356948409
MUS,2012,9.10271819827775
MUS,2013,9.57883414266686
MUS,2014,9.44659217541541
MUS,2015,9.13027374403697
MUS,2016,8.98829540881102
MUS,2017,8.99594985085889
MUS,2018,9.64568180967703
MUS,2019,9.27666690706869
MWI,2010,24.3489614356053
MWI,2011,26.3935444962185
MWI,2012,26.4999840992823
MWI,2013,25.3524122563691
MWI,2014,25.9973398435068
MWI,2015,25.0076393017599
MWI,2016,24.9604610605181
MWI,2017,21.2909459360983
MWI,2018,21.1973847101807
MWI,2019,22.3370229833525
MYS,2010,17.5673365579308
MYS,2011,16.5543727413676
MYS,2012,17.9101382186238
MYS,2013,18.7954198873143
MYS,2014,17.1052502297433
MYS,2015,16.9297330913892
MYS,2016,16.3864419259472
MYS,2017,14.9450075810201
MYS,2018,16.6541753286852
MYS,2019,17.8197510834605
NAM,2010,21.7959533803297
NAM,2011,23.0948112524998
NAM,2012,22.5559756572042
NAM,2013,21.57098939708
NAM,2014,21.055359356351
NAM,2015,22.11922822913
NAM,2016,21.0604148441707
NAM,2017,19.7391225085732
NAM,2018,19.9748546561693
NAM,2019,19.3878496864904
NER,2010,87.9840126481428
NER,2011,90.9681910382043
NER,2012,88.5686252870793
NER,2013,74.5895053226238
NER,2014,71.6549794121069
NER,2015,107.144665250434
NER,2016,104.911460730569
NER,2017,88.7878831964248
NER,2018,86.0227651747159
NER,2019,72.4703210969872
NGA,2010,49.5384605715282
NGA,2011,55.0630390979346
NGA,2012,59.3321391307662
NGA,2013,48.1407324958574
NGA,2014,48.1823551711454
NGA,2015,77.1229282609024
NGA,2016,65.4340626973271
NGA,2017,63.2053051290842
NGA,2018,57.0231990642382
NGA,2019,51.7218388551219
NIC,2010,20.6274477367636
NIC,2011,23.0111273786789
NIC,2012,20.415804406594
NIC,2013,22.190051857194
NIC,2014,20.337626285854
NIC,2015,20.8100394575554
NIC,2016,19.6627564192395
NIC,2017,19.1972180629137
NIC,2018,17.5246038706428
NIC,2019,14.9843484599445
NLD,2010,16.3015198382221
NLD,2011,16.1617295903622
NLD,2012,14.3672482834675
NLD,2013,13.2849780292156
NLD,2014,12.61325866781
NLD,2015,13.1341450114978
NLD,2016,11.9585215795702
NLD,2017,12.7176558041706
NLD,2018,12.0708917579666
NLD,2019,11.3641419467189
NOR,2010,7.85010783433474
NOR,2011,8.65989791417676
NOR,2012,7.30698815670179
NOR,2013,7.02749190738719
NOR,2014,7.09267324687363
NOR,2015,6.75214227846257
NOR,2016,6.23059189808068
NOR,2017,6.52155808218128
NOR,2018,6.69607752509394
NOR,2019,6.38122446338577
NPL,2010,48.378383727955
NPL,2011,57.7405744835303
NPL,2012,71.4060546576235
NPL,2013,71.4182305954874
NPL,2014,75.117974167847
NPL,2015,70.9361955250807
NPL,2016,72.4074854195922
NPL,2017,64.6442716077629
NPL,2018,64.2108322791754
NPL,2019,57.2750179345088
NRU,2010,5.65991469593581
NRU,2011,5.56184372395386
NRU,2012,5.46647887492585
NRU,2013,5.63857846451038
NRU,2014,5.44762950932866
NRU,2015,5.64757051079538
NRU,2016,6.08542537261406
NRU,2017,6.44256644272133
NRU,2018,6.14206344633958
NRU,2019,6.02606444596139
NZL,2010,6.96830513959859
NZL,2011,6.74391297899936
NZL,2012,6.77378849107112
NZL,2013,6.77775160923795
NZL,2014,6.59603176441408
NZL,2015,6.57020164227168
NZL,2016,6.63410190310228
NZL,2017,6.82907618571061
NZL,2018,7.21258721355312
NZL,2019,7.42296671535298
OMN,2010,42.5453623091529
OMN,2011,49.2481622561594
OMN,2012,52.3107821072608
OMN,2013,47.6490783670685
OMN,2014,41.256352667596
OMN,2015,47.9189950499705
OMN,2016,45.4803385490064
OMN,2017,48.7046852088573
OMN,2018,49.6250528984572
OMN,2019,44.8977643665473
PAK,2010,46.5708385959715
PAK,2011,55.754979166674
PAK,2012,66.8719540673752
PAK,2013,68.5813248667094
PAK,2014,71.7121701033462
PAK,2015,68.0068767608943
PAK,2016,68.5228297189002
PAK,2017,61.7967274713574
PAK,2018,62.3894976390133
PAK,2019,52.8571976958305
PAN,2010,15.1289454814112
PAN,2011,15.8945138063768
PAN,2012,14.6776716917331
PAN,2013,15.3884130435778
PAN,2014,14.8554074199235
PAN,2015,14.7706187901647
PAN,2016,13.8724498973293
PAN,2017,13.844753026596
PAN,2018,13.2136956449094
PAN,2019,11.8842931085395
PER,2010,34.7111781547367
PER,2011,32.0639653460543
PER,2012,33.9046061596244
PER,2013,32.0778901377032
PER,2014,32.9197109468005
PER,2015,32.8751693157181
PER,2016,33.739432290958
PER,2017,32.7083066880238
PER,2018,30.6265686811297
PER,2019,29.1117854585642
PHL,2010,23.0284261383751
PHL,2011,20.2762007200701
PHL,2012,21.8351961883251
PHL,2013,22.7402636854564
PHL,2014,20.3368824432152
PHL,2015,19.7079275985218
PHL,2016,19.9069716374648
PHL,2017,18.3327018141416
PHL,2018,20.5885077839401
PHL,2019,21.5254371973976
PLW,2010,5.80647491214958
PLW,2011,6.55202461166189
PLW,2012,6.91010906908075
PLW,2013,6.83322852151998
PLW,2014,7.36831173894939
PLW,2015,8.9368293884579
PLW,2016,7.01158253537855
PLW,2017,7.00179922406389
PLW,2018,7.89247642068436
PLW,2019,7.7458949684632
PNG,2010,17.2144137518733
PNG,2011,16.4633105206394
PNG,2012,16.4683365083609
PNG,2013,16.4981287099923
PNG,2014,16.3724587034254
PNG,2015,16.8683385698187
PNG,2016,16.1543562654462
PNG,2017,15.9304225286163
PNG,2018,16.9173285412659
PNG,2019,16.8882962616477
POL,2010,26.9664708685675
POL,2011,26.5458489052773
POL,2012,24.1304928281428
POL,2013,23.1892115212622
POL,2014,23.433827803997
POL,2015,22.4139830731908
POL,2016,21.2485092459447
POL,2017,22.2631718698092
POL,2018,22.4094051941271
POL,2019,18.7701954101512
PRI,2010,6.36867575342414
PRI,2011,5.65656068601891
PRI,2012,6.35560089371101
PRI,2013,6.11288011121033
PRI,2014,6.32383453359716
PRI,2015,6.74532317404656
PRI,2016,6.94033673792726
PRI,2017,7.12296710513583
PRI,2018,6.70118543618258
PRI,2019,6.66040483872952
PRK,2010,35.8304130724859
PRK,2011,39.0842632020007
PRK,2012,37.568470998689
PRK,2013,46.0942962894263
PRK,2014,44.199470157423
PRK,2015,42.5382454893687
PRK,2016,38.6220301922284
PRK,2017,39.168240982399
PRK,2018,34.1978293742031
PRK,2019,31.1237582148846
PRT,2010,10.7935723715541
PRT,2011,11.5157580200238
PRT,2012,10.1151524382993
PRT,2013,9.76832048738232
PRT,2014,9.50576236832378
PRT,2015,9.64253451834766
PRT,2016,8.83773210008347
PRT,2017,9.2551980440464
PRT,2018,9.02601451562929
PRT,2019,7.98256121876526
PRY,2010,12.3630674150856
PRY,2011,13.0739532959182
PRY,2012,12.3612452179307
PRY,2013,11.7070023253943
PRY,2014,11.4592064094704
PRY,2015,10.4338184152061
PRY,2016,10.4105012225018
PRY,2017,10.2879780314547
PRY,2018,10.4898126276478
PRY,2019,10.1222564891858
PSE,2010,31.9192556933104
PSE,2011,28.606630623344
PSE,2012,27.2379610304191
PSE,2013,31.1625763830924
PSE,2014,29.2886843311089
PSE,2015,30.4615510423627
PSE,2016,26.5563697979811
PSE,2017,26.6750824440453
PSE,2018,29.1340212387581
PSE,2019,29.6822493738623
QAT,2010,82.4764401970049
QAT,2011,87.9624107804434
QAT,2012,95.6228667032868
QAT,2013,88.6466197970471
QAT,2014,75.1764824465315
QAT,2015,97.7000280042596
QAT,2016,83.6854921169063
QAT,2017,83.268990615565
QAT,2018,93.3069571843647
QAT,2019,81.0088337801126
ROU,2010,20.0206954096756
ROU,2011,21.3631759849928
ROU,2012,19.4249667326641
ROU,2013,17.8711054888739
ROU,2014,17.9898360506608
ROU,2015,17.4955175712912
ROU,2016,16.5983385295736
ROU,2017,17.0446117524786
ROU,2018,17.1719925973938
ROU,2019,15.0073403663299
RUS,2010,15.378627239492
RUS,2011,13.9138877120952
RUS,2012,13.8991230346483
RUS,2013,14.0574320033086
RUS,2014,14.2481805159069
RUS,2015,12.9392509421972
RUS,2016,12.4784655225055
RUS,2017,11.739094414375
RUS,2018,12.3153675046294
RUS,2019,11.6778230257169
RWA,2010,30.785874923407
RWA,2011,31.1412402470636
RWA,2012,31.5360758844851
RWA,2013,30.6283384511231
RWA,2014,31.8689793191915
RWA,2015,31.2574810856465
RWA,2016,31.6862299869281
RWA,2017,30.3553527446531
RWA,2018,30.1816687853678
RWA,2019,30.0071642427631
SAU,2010,59.8441227942823
SAU,2011,61.9036201963126
SAU,2012,65.8136535735159
SAU,2013,64.2495664318178
SAU,2014,51.0877522409227
SAU,2015,65.6121801282607
SAU,2016,57.2721294327821
SAU,2017,59.4402484783372
SAU,2018,61.9886640504678
SAU,2019,58.6225928552836
SDN,2010,59.6794173541135
SDN,2011,62.2941694151786
SDN,2012,64.1497177387956
SDN,2013,60.4369003558748
SDN,2014,49.516943286103
SDN,2015,61.1105056197826
SDN,2016,59.3119232873813
SDN,2017,59.8168448508968
SDN,2018,58.6936576687446
SDN,2019,51.9356218340372
SEN,2010,57.0129259980585
SEN,2011,59.1412397618774
SEN,2012,71.9845097478197
SEN,2013,50.7740625879857
SEN,2014,54.8894665378893
SEN,2015,70.740985096638
SEN,2016,62.2452907130405
SEN,2017,68.9961611199396
SEN,2018,61.8009740540162
SEN,2019,60.3429016299635
SGP,2010,13.796807103582
SGP,2011,15.5030932335334
SGP,2012,16.9223599271481
SGP,2013,18.076662563077
SGP,2014,17.2816885850335
SGP,2015,17.1833032960407
SGP,2016,15.900294890346
SGP,2017,16.0768840541767
SGP,2018,15.9768571619193
SGP,2019,17.0759063187283
SLB,2010,13.4199037039275
SLB,2011,13.3086086795295
SLB,2012,13.3168981062044
SLB,2013,13.5787313517494
SLB,2014,13.6743436010117
SLB,2015,13.388977783012
SLB,2016,13.4720259543338
SLB,2017,13.434058342961
SLB,2018,14.2731157049398
SLB,2019,14.3002352896823
SLE,2010,36.9214785886428
SLE,2011,43.1349217295232
SLE,2012,42.3969895780679
SLE,2013,34.4203331673694
SLE,2014,36.2193735145078
SLE,2015,51.8061671080408
SLE,2016,48.7036743850653
SLE,2017,44.7073767568936
SLE,2018,44.3351501101334
SLE,2019,38.5920982937814
SLV,2010,23.8295394601694
SLV,2011,27.5567469396669
SLV,2012,24.2617826031933
SLV,2013,25.8009636408055
SLV,2014,23.5624481373706
SLV,2015,23.9410831694199
SLV,2016,22.7554051143461
SLV,2017,22.1065954946575
SLV,2018,21.0853412269847
SLV,2019,18.2675885826061
SMR,2010,9.90948012588566
SMR,2011,10.69772481397
SMR,2012,10.4579356879737
SMR,2013,10.2613730648622
SMR,2014,10.724794196125
SMR,2015,11.0341756272191
SMR,2016,10.7965188044346
SMR,2017,11.1378783583043
SMR,2018,11.7160220114158
SMR,2019,10.4938237574833
SOM,2010,23.8889978096887
SOM,2011,27.743332063383
SOM,2012,29.2235174003913
SOM,2013,27.5479415389526
SOM,2014,25.4404864168862
SOM,2015,24.732373356369
SOM,2016,25.3011395270495
SOM,2017,26.6404683683977
SOM,2018,27.0888470741344
SOM,2019,22.8360439242082
SRB,2010,31.3045032362704
SRB,2011,33.95588567108
SRB,2012,30.384649168974
SRB,2013,28.4561350651549
SRB,2014,28.0367329195926
SRB,2015,27.8632692496949
SRB,2016,25.5339499000416
SRB,2017,26.2823086047504
SRB,2018,27.1283419584164
SRB,2019,22.6362588980641
SSD,2010,36.1249406745004
SSD,2011,38.3770105110017
SSD,2012,39.0581251798986
SSD,2013,37.4737878139751
SSD,2014,31.496531102241
SSD,2015,38.2593644496253
SSD,2016,35.2985387463615
SSD,2017,35.0660036732304
SSD,2018,34.3895571040528
SSD,2019,33.3599794728451
STP,2010,21.9422424710632
STP,2011,23.0857963329852
STP,2012,20.531439331057
STP,2013,21.9674166708436
STP,2014,19.6630632891255
STP,2015,26.1500664634377
STP,2016,25.7342366868061
STP,2017,21.3075202387728
STP,2018,20.0156978980911
STP,2019,21.6556728259824
SUR,2010,24.7300040259854
SUR,2011,23.1342333121969
SUR,2012,26.3564495295979
SUR,2013,25.0473551418283
SUR,2014,25.5794924051723
SUR,2015,27.4211368815622
SUR,2016,27.0335291242088
SUR,2017,26.7797937382992
SUR,2018,29.6641934243254
SUR,2019,29.9904120028237
SVK,2010,21.4676594892892
SVK,2011,22.5558562408852
SVK,2012,20.342178101972
SVK,2013,19.5808878710842
SVK,2014,19.2661010504213
SVK,2015,19.1867476350431
SVK,2016,17.8788004543361
SVK,2017,18.1847497519631
SVK,2018,18.678784905987
SVK,2019,15.8371166474072
SVN,2010,18.9417578654309
SVN,2011,20.6973508722527
SVN,2012,18.3430191214734
SVN,2013,18.16324478528
SVN,2014,17.79704248843
SVN,2015,17.7209260643327
SVN,2016,16.4517774590328
SVN,2017,16.502696435309
SVN,2018,18.1801552844915
SVN,2019,13.9082165762349
SWE,2010,7.82247575410873
SWE,2011,7.91243933234096
SWE,2012,6.6090550437011
SWE,2013,6.56222856877152
SWE,2014,6.77228861428546
SWE,2015,6.30260504424704
SWE,2016,5.69783329212579
SWE,2017,6.06180356722068
SWE,2018,6.29086232136503
SWE,2019,6.06869269595507
SWZ,2010,21.8022399292635
SWZ,2011,20.6614067086956
SWZ,2012,21.1394588219266
SWZ,2013,20.9735888523904
SWZ,2014,20.7815505074161
SWZ,2015,21.048617578007
SWZ,2016,18.9203780644377
SWZ,2017,20.2613215828667
SWZ,2018,20.4243293115739
SWZ,2019,21.1666365348853
SYC,2010,8.99566322405777
SYC,2011,10.4836323605632
SYC,2012,9.81980568508283
SYC,2013,9.6559410030708
SYC,2014,9.06745868961229
SYC,2015,9.00174536475684
SYC,2016,9.9122300080876
SYC,2017,9.84794743856559
SYC,2018,9.35591484940797
SYC,2019,9.43411735985982
SYR,2010,29.1311036349137
SYR,2011,25.6858667253095
SYR,2012,24.5499952322116
SYR,2013,26.3151629967473
SYR,2014,25.7324188924062
SYR,2015,26.9795023656779
SYR,2016,25.5706170226563
SYR,2017,24.5814440559142
SYR,2018,25.9590823017321
SYR,2019,26.4725611273339
TCD,2010,52.6348532986167
TCD,2011,54.1504227714591
TCD,2012,57.1204741865987
TCD,2013,50.2256607102092
TCD,2014,46.8052788415437
TCD,2015,64.3827504839855
TCD,2016,58.3859502502274
TCD,2017,56.2506214671266
TCD,2018,54.3808173498018
TCD,2019,51.8673577081314
TGO,2010,47.1272031157292
TGO,2011,48.2695276844169
TGO,2012,53.6407922683827
TGO,2013,43.0219165772312
TGO,2014,43.0636342660236
TGO,2015,67.316079169015
TGO,2016,60.2898429310496
TGO,2017,58.2450494555721
TGO,2018,55.1042380453434
TGO,2019,47.6290664711767
THA,2010,33.4690505539545
THA,2011,29.0591951880929
THA,2012,31.5886298984382
THA,2013,34.4883511418629
THA,2014,29.9705384622081
THA,2015,28.1544413826202
THA,2016,30.3985996204755
THA,2017,27.1006744719071
THA,2018,30.0080973964844
THA,2019,30.382756547172
TJK,2010,39.7949542469115
TJK,2011,53.195882702872
TJK,2012,51.3794263594159
TJK,2013,51.0460904062202
TJK,2014,46.6700130134501
TJK,2015,45.5749888542868
TJK,2016,44.7655503683053
TJK,2017,42.5053360629934
TJK,2018,42.3335064710739
TJK,2019,40.2890496610835
TKM,2010,21.4722278171731
TKM,2011,27.2198985157372
TKM,2012,27.0209714658228
TKM,2013,26.4262903965402
TKM,2014,25.0725134160111
TKM,2015,23.6762817457625
TKM,2016,23.1774931174981
TKM,2017,21.6902944984074
TKM,2018,22.4512669564059
TKM,2019,20.2530348899106
TLS,2010,17.660538991967
TLS,2011,16.2584979451999
TLS,2012,17.654383714214
TLS,2013,17.5005688240194
TLS,2014,16.8069047821014
TLS,2015,15.7619976595415
TLS,2016,16.2081039517126
TLS,2017,14.9818030205102
TLS,2018,16.8164967206441
TLS,2019,17.627881197133
TON,2010,12.3324714777308
TON,2011,12.1304389189741
TON,2012,12.3765932473645
TON,2013,12.1802014822162
TON,2014,12.0913822122592
TON,2015,11.7395693014278
TON,2016,12.0170183126119
TON,2017,12.0803698566865
TON,2018,12.6468527417102
TON,2019,12.7574461149445
TTO,2010,22.6607381954116
TTO,2011,22.6890525618618
TTO,2012,22.6499751351859
TTO,2013,23.383945368371
TTO,2014,24.08935817098
TTO,2015,26.2592962743436
TTO,2016,25.2326491282107
TTO,2017,25.3988915846271
TTO,2018,24.3138532652664
TTO,2019,25.0102271567294
TUN,2010,27.1525896814577
TUN,2011,23.7968442569893
TUN,2012,22.6944628193599
TUN,2013,22.1415749104783
TUN,2014,25.1638447684439
TUN,2015,23.6344412527314
TUN,2016,24.8089216632322
TUN,2017,22.571757071458
TUN,2018,25.5228520953696
TUN,2019,23.7714034054098
TUR,2010,24.6357302627663
TUR,2011,23.7473685846179
TUR,2012,23.2440162263121
TUR,2013,23.5023978223691
TUR,2014,23.4874858374985
TUR,2015,24.5603763797256
TUR,2016,23.83379270795
TUR,2017,22.1031402126985
TUR,2018,22.8252290987339
TUR,2019,23.6946115800374
TUV,2010,5.51800010573225
TUV,2011,5.2805865444079
TUV,2012,5.23945117034042
TUV,2013,5.40574951715585
TUV,2014,5.51778327103482
TUV,2015,5.47628221924294
TUV,2016,5.88435418632793
TUV,2017,6.20094627520115
TUV,2018,6.14959791479092
TUV,2019,6.00962588602958
TZA,2010,23.1053112582158
TZA,2011,25.1532727025899
TZA,2012,25.5667487604226
TZA,2013,24.5340682116755
TZA,2014,24.2244900980476
TZA,2015,25.1682619442571
TZA,2016,25.3938175391915
TZA,2017,21.0006603142176
TZA,2018,21.2944892567993
TZA,2019,20.7785687915826
UGA,2010,32.517551165181
UGA,2011,35.0271400705232
UGA,2012,35.8905665839316
UGA,2013,34.8200496489628
UGA,2014,34.111616669843
UGA,2015,36.4158643204587
UGA,2016,35.1867637433366
UGA,2017,32.2396992843572
UGA,2018,33.1279166723642
UGA,2019,31.4850134786862
UKR,2010,19.7107703520874
UKR,2011,19.4406675178444
UKR,2012,18.6766503847272
UKR,2013,18.8833614430176
UKR,2014,18.4263235330655
UKR,2015,17.7919818389331
UKR,2016,16.2426825956045
UKR,2017,15.6585428515819
UKR,2018,17.1041368062157
UKR,2019,15.5795007311465
URY,2010,10.0305604083746
URY,2011,10.0509517421341
URY,2012,9.71687395840984
URY,2013,10.8314475554018
URY,2014,10.4423977068601
URY,2015,10.4692129562066
URY,2016,10.2628739093634
URY,2017,10.0613622046924
URY,2018,10.1340724978496
URY,2019,10.298591147894
USA,2010,9.27587988353719
USA,2011,9.36462744857706
USA,2012,9.01055428019472
USA,2013,8.74620817680451
USA,2014,8.5101265108009
USA,2015,8.19074183499752
USA,2016,7.40835009300858
USA,2017,7.79040584360488
USA,2018,7.8220065111125
USA,2019,7.17602147949022
UZB,2010,33.7300329449397
UZB,2011,44.1982936152516
UZB,2012,43.9047519110738
UZB,2013,42.947720361075
UZB,2014,39.4888403264479
UZB,2015,37.8356286365777
UZB,2016,37.5481850195136
UZB,2017,35.2121570323591
UZB,2018,34.8354317604587
UZB,2019,34.1331992575325
VCT,2010,21.2478514761788
VCT,2011,20.8130429273481
VCT,2012,21.1785226295306
VCT,2013,22.0288603357583
VCT,2014,22.4680502987672
VCT,2015,24.2045950887733
VCT,2016,24.3309858655746
VCT,2017,23.4527926838875
VCT,2018,23.3995682726088
VCT,2019,23.4062454360865
VEN,2010,20.159103445557
VEN,2011,21.6871225595847
VEN,2012,19.3045309881121
VEN,2013,19.9572583150196
VEN,2014,19.2869938244399
VEN,2015,19.2951554205004
VEN,2016,18.8450274280702
VEN,2017,19.0801947101269
VEN,2018,16.3445343718253
VEN,2019,14.8507131552081
VIR,2010,7.62766601566543
VIR,2011,6.78317862080694
VIR,2012,7.6192928172212
VIR,2013,7.33012403297425
VIR,2014,7.39182380336555
VIR,2015,8.01092064615819
VIR,2016,8.29655041406352
VIR,2017,8.54756993148376
VIR,2018,7.92997730802401
VIR,2019,7.9242336096145
VNM,2010,23.0762596678067
VNM,2011,20.4905765848944
VNM,2012,21.5116439458873
VNM,2013,23.2274925075316
VNM,2014,20.4035064934273
VNM,2015,19.377014054477
VNM,2016,20.3304456216218
VNM,2017,18.5797797556674
VNM,2018,20.1630176303186
VNM,2019,20.8317868906878
VUT,2010,14.161468828928
VUT,2011,14.2665581071884
VUT,2012,14.0726802867412
VUT,2013,14.2629547192965
VUT,2014,13.9111416387808
VUT,2015,13.4680414200127
VUT,2016,13.8697381004542
VUT,2017,13.6713327898574
VUT,2018,14.6439252034392
VUT,2019,14.3364980888287
WSM,2010,12.5198995878353
WSM,2011,12.2498654594603
WSM,2012,12.4658242930882
WSM,2013,12.5589378577712
WSM,2014,12.5788519302582
WSM,2015,12.4224418408037
WSM,2016,12.5098893074638
WSM,2017,12.0891380416294
WSM,2018,12.8245995074982
WSM,2019,12.8726726678327
YEM,2010,39.1673543166565
YEM,2011,43.2315095806882
YEM,2012,53.6338333840879
YEM,2013,48.4247878548182
YEM,2014,38.0825068778276
YEM,2015,44.0661314855842
YEM,2016,40.7241168220245
YEM,2017,42.1204805186376
YEM,2018,43.9103483345439
YEM,2019,41.6407934340959
ZAF,2010,24.861273041525
ZAF,2011,24.9968845183073
ZAF,2012,24.6444105011731
ZAF,2013,24.1607460915842
ZAF,2014,24.5484834922425
ZAF,2015,24.5964053006527
ZAF,2016,24.1476891116721
ZAF,2017,23.754937395964
ZAF,2018,23.8122504048776
ZAF,2019,23.1897720637682
ZMB,2010,25.4210227502292
ZMB,2011,26.565488543498
ZMB,2012,26.8710302496189
ZMB,2013,25.6500160427317
ZMB,2014,26.0707378042456
ZMB,2015,25.6767422937407
ZMB,2016,26.1659103128843
ZMB,2017,23.7582824070397
ZMB,2018,23.3367199131656
ZMB,2019,23.2037475947695
ZWE,2010,21.4862213773936
ZWE,2011,23.6162829422719
ZWE,2012,23.5395278505031
ZWE,2013,22.5984006943159
ZWE,2014,23.4292525344579
ZWE,2015,23.1038790684558
ZWE,2016,22.5706982027694
ZWE,2017,17.9977538099115
ZWE,2018,19.1120993372982
ZWE,2019,18.5286074615735
